lat,long,extra 
40.710,-73.790,0
40.710,-73.810,0
40.770,-73.770,0
40.990,-73.650,0
41.010,-73.530,0
41.010,-73.570,0
41.010,-73.610,0
41.010,-73.630,0
41.010,-73.650,0
41.010,-73.670,0
41.030,-73.470,0
41.030,-73.510,0
41.030,-73.530,0
41.030,-73.550,0
41.030,-73.570,0
41.030,-73.590,0
41.030,-73.610,0
41.030,-73.630,0
41.030,-73.650,0
41.030,-73.670,0
41.050,-73.470,0
41.050,-73.490,0
41.050,-73.510,0
41.050,-73.530,0
41.050,-73.550,0
41.050,-73.570,0
41.050,-73.590,0
41.050,-73.610,0
41.050,-73.630,0
41.050,-73.650,0
41.050,-73.670,0
41.050,-73.690,0
41.070,-73.430,0
41.070,-73.450,0
41.070,-73.470,0
41.070,-73.490,0
41.070,-73.510,0
41.070,-73.530,0
41.070,-73.550,0
41.070,-73.570,0
41.070,-73.590,0
41.070,-73.610,0
41.070,-73.630,0
41.070,-73.650,0
41.070,-73.670,0
41.070,-73.690,0
41.070,-73.710,0
41.090,-73.410,0
41.090,-73.430,0
41.090,-73.450,0
41.090,-73.470,0
41.090,-73.490,0
41.090,-73.510,0
41.090,-73.530,0
41.090,-73.550,0
41.090,-73.570,0
41.090,-73.590,0
41.090,-73.610,0
41.090,-73.630,0
41.090,-73.650,0
41.090,-73.670,0
41.090,-73.690,0
41.090,-73.710,0
41.090,-73.730,0
41.110,-73.270,0
41.110,-73.310,0
41.110,-73.330,0
41.110,-73.350,0
41.110,-73.370,0
41.110,-73.390,0
41.110,-73.410,0
41.110,-73.430,0
41.110,-73.450,0
41.110,-73.470,0
41.110,-73.490,0
41.110,-73.510,0
41.110,-73.530,0
41.110,-73.550,0
41.110,-73.570,0
41.110,-73.590,0
41.110,-73.610,0
41.110,-73.630,0
41.110,-73.650,0
41.110,-73.670,0
41.110,-73.690,0
41.110,-73.710,0
41.110,-73.730,0
41.130,-73.230,0
41.130,-73.250,0
41.130,-73.270,0
41.130,-73.290,0
41.130,-73.310,0
41.130,-73.330,0
41.130,-73.350,0
41.130,-73.370,0
41.130,-73.390,0
41.130,-73.410,0
41.130,-73.430,0
41.130,-73.450,0
41.130,-73.470,0
41.130,-73.490,0
41.130,-73.510,0
41.130,-73.530,0
41.130,-73.550,0
41.130,-73.570,0
41.130,-73.590,0
41.130,-73.610,0
41.130,-73.630,0
41.130,-73.650,0
41.130,-73.670,0
41.130,-73.910,0
41.130,-73.930,0
41.150,-73.110,0
41.150,-73.130,0
41.150,-73.150,0
41.150,-73.170,0
41.150,-73.190,0
41.150,-73.210,0
41.150,-73.230,0
41.150,-73.250,0
41.150,-73.270,0
41.150,-73.290,0
41.150,-73.310,0
41.150,-73.330,0
41.150,-73.350,0
41.150,-73.370,0
41.150,-73.390,0
41.150,-73.410,0
41.150,-73.430,0
41.150,-73.450,0
41.150,-73.470,0
41.150,-73.490,0
41.150,-73.510,0
41.150,-73.530,0
41.150,-73.550,0
41.150,-73.570,0
41.150,-73.590,0
41.150,-73.610,0
41.150,-73.630,0
41.150,-73.650,0
41.150,-73.910,0
41.150,-73.930,0
41.170,-73.090,0
41.170,-73.110,0
41.170,-73.130,0
41.170,-73.150,0
41.170,-73.190,0
41.170,-73.210,0
41.170,-73.230,0
41.170,-73.250,0
41.170,-73.270,0
41.170,-73.290,0
41.170,-73.310,0
41.170,-73.330,0
41.170,-73.350,0
41.170,-73.370,0
41.170,-73.390,0
41.170,-73.410,0
41.170,-73.430,0
41.170,-73.450,0
41.170,-73.470,0
41.170,-73.490,0
41.170,-73.510,0
41.170,-73.530,0
41.170,-73.550,0
41.170,-73.570,0
41.170,-73.590,0
41.190,-73.050,0
41.190,-73.070,0
41.190,-73.090,0
41.190,-73.110,0
41.190,-73.130,0
41.190,-73.150,0
41.190,-73.170,0
41.190,-73.190,0
41.190,-73.210,0
41.190,-73.230,0
41.190,-73.250,0
41.190,-73.270,0
41.190,-73.290,0
41.190,-73.310,0
41.190,-73.330,0
41.190,-73.350,0
41.190,-73.370,0
41.190,-73.390,0
41.190,-73.410,0
41.190,-73.430,0
41.190,-73.450,0
41.190,-73.470,0
41.190,-73.490,0
41.190,-73.510,0
41.190,-73.530,0
41.190,-73.550,0
41.210,-73.010,0
41.210,-73.030,0
41.210,-73.050,0
41.210,-73.070,0
41.210,-73.090,0
41.210,-73.110,0
41.210,-73.130,0
41.210,-73.150,0
41.210,-73.170,0
41.210,-73.190,0
41.210,-73.210,0
41.210,-73.230,0
41.210,-73.250,0
41.210,-73.270,0
41.210,-73.290,0
41.210,-73.310,0
41.210,-73.330,0
41.210,-73.350,0
41.210,-73.370,0
41.210,-73.390,0
41.210,-73.410,0
41.210,-73.430,0
41.210,-73.450,0
41.210,-73.470,0
41.210,-73.490,0
41.210,-73.510,0
41.230,-72.970,0
41.230,-72.990,0
41.230,-73.010,0
41.230,-73.030,0
41.230,-73.050,0
41.230,-73.070,0
41.230,-73.090,0
41.230,-73.110,0
41.230,-73.130,0
41.230,-73.150,0
41.230,-73.170,0
41.230,-73.190,0
41.230,-73.210,0
41.230,-73.230,0
41.230,-73.250,0
41.230,-73.270,0
41.230,-73.290,0
41.230,-73.310,0
41.230,-73.330,0
41.230,-73.350,0
41.230,-73.370,0
41.230,-73.390,0
41.230,-73.410,0
41.230,-73.430,0
41.230,-73.450,0
41.230,-73.470,0
41.230,-73.490,0
41.250,-72.510,0
41.250,-72.550,0
41.250,-72.790,0
41.250,-72.830,0
41.250,-72.850,0
41.250,-72.870,0
41.250,-72.890,0
41.250,-72.930,0
41.250,-72.950,0
41.250,-72.970,0
41.250,-72.990,0
41.250,-73.010,0
41.250,-73.030,0
41.250,-73.050,0
41.250,-73.070,0
41.250,-73.090,0
41.250,-73.110,0
41.250,-73.150,0
41.250,-73.170,0
41.250,-73.190,0
41.250,-73.210,0
41.250,-73.230,0
41.250,-73.250,0
41.250,-73.270,0
41.250,-73.290,0
41.250,-73.310,0
41.250,-73.330,0
41.250,-73.350,0
41.250,-73.370,0
41.250,-73.410,0
41.250,-73.430,0
41.250,-73.450,0
41.250,-73.490,0
41.250,-73.510,0
41.270,-72.350,0
41.270,-72.370,0
41.270,-72.390,0
41.270,-72.410,0
41.270,-72.430,0
41.270,-72.450,0
41.270,-72.470,0
41.270,-72.490,0
41.270,-72.510,0
41.270,-72.530,0
41.270,-72.550,0
41.270,-72.570,0
41.270,-72.590,0
41.270,-72.610,0
41.270,-72.630,0
41.270,-72.690,0
41.270,-72.710,0
41.270,-72.730,0
41.270,-72.750,0
41.270,-72.770,0
41.270,-72.790,0
41.270,-72.810,0
41.270,-72.830,0
41.270,-72.850,0
41.270,-72.870,0
41.270,-72.890,0
41.270,-72.910,0
41.270,-72.930,0
41.270,-72.950,0
41.270,-72.970,0
41.270,-72.990,0
41.270,-73.010,0
41.270,-73.030,0
41.270,-73.050,0
41.270,-73.070,0
41.270,-73.090,0
41.270,-73.110,0
41.270,-73.130,0
41.270,-73.150,0
41.270,-73.170,0
41.270,-73.190,0
41.270,-73.210,0
41.270,-73.230,0
41.270,-73.250,0
41.270,-73.270,0
41.270,-73.290,0
41.270,-73.310,0
41.270,-73.330,0
41.270,-73.350,0
41.270,-73.370,0
41.270,-73.390,0
41.270,-73.410,0
41.270,-73.430,0
41.270,-73.450,0
41.270,-73.470,0
41.270,-73.490,0
41.270,-73.510,0
41.270,-73.530,0
41.290,-72.310,0
41.290,-72.330,0
41.290,-72.350,0
41.290,-72.370,0
41.290,-72.390,0
41.290,-72.410,0
41.290,-72.430,0
41.290,-72.450,0
41.290,-72.490,0
41.290,-72.510,0
41.290,-72.530,0
41.290,-72.550,0
41.290,-72.570,0
41.290,-72.590,0
41.290,-72.610,0
41.290,-72.630,0
41.290,-72.650,0
41.290,-72.670,0
41.290,-72.690,0
41.290,-72.710,0
41.290,-72.770,0
41.290,-72.790,0
41.290,-72.810,0
41.290,-72.830,0
41.290,-72.850,0
41.290,-72.870,0
41.290,-72.890,0
41.290,-72.910,0
41.290,-72.930,0
41.290,-72.950,0
41.290,-72.970,0
41.290,-72.990,0
41.290,-73.010,0
41.290,-73.030,0
41.290,-73.050,0
41.290,-73.070,0
41.290,-73.090,0
41.290,-73.110,0
41.290,-73.130,0
41.290,-73.150,0
41.290,-73.170,0
41.290,-73.190,0
41.290,-73.210,0
41.290,-73.230,0
41.290,-73.250,0
41.290,-73.270,0
41.290,-73.290,0
41.290,-73.310,0
41.290,-73.330,0
41.290,-73.350,0
41.290,-73.370,0
41.290,-73.390,0
41.290,-73.410,0
41.290,-73.430,0
41.290,-73.450,0
41.290,-73.470,0
41.290,-73.490,0
41.290,-73.510,0
41.310,-72.010,0
41.310,-72.090,0
41.310,-72.110,0
41.310,-72.130,0
41.310,-72.150,0
41.310,-72.230,0
41.310,-72.250,0
41.310,-72.270,0
41.310,-72.290,0
41.310,-72.310,0
41.310,-72.330,0
41.310,-72.350,0
41.310,-72.370,0
41.310,-72.390,0
41.310,-72.410,0
41.310,-72.430,0
41.310,-72.450,0
41.310,-72.470,0
41.310,-72.510,0
41.310,-72.530,0
41.310,-72.550,0
41.310,-72.570,0
41.310,-72.590,0
41.310,-72.610,0
41.310,-72.630,0
41.310,-72.650,0
41.310,-72.670,0
41.310,-72.690,0
41.310,-72.710,0
41.310,-72.730,0
41.310,-72.750,0
41.310,-72.770,0
41.310,-72.810,0
41.310,-72.830,0
41.310,-72.850,0
41.310,-72.910,0
41.310,-72.930,0
41.310,-72.950,0
41.310,-72.970,0
41.310,-72.990,0
41.310,-73.010,0
41.310,-73.030,0
41.310,-73.050,0
41.310,-73.070,0
41.310,-73.090,0
41.310,-73.110,0
41.310,-73.130,0
41.310,-73.150,0
41.310,-73.170,0
41.310,-73.190,0
41.310,-73.210,0
41.310,-73.230,0
41.310,-73.250,0
41.310,-73.270,0
41.310,-73.290,0
41.310,-73.310,0
41.310,-73.330,0
41.310,-73.350,0
41.310,-73.370,0
41.310,-73.390,0
41.310,-73.410,0
41.310,-73.430,0
41.310,-73.450,0
41.310,-73.470,0
41.310,-73.490,0
41.310,-73.510,0
41.310,-73.530,0
41.310,-73.550,0
41.310,-73.570,0
41.330,-71.830,0
41.330,-71.850,0
41.330,-71.890,0
41.330,-71.910,0
41.330,-71.990,0
41.330,-72.010,0
41.330,-72.030,0
41.330,-72.090,0
41.330,-72.110,0
41.330,-72.130,0
41.330,-72.150,0
41.330,-72.170,0
41.330,-72.190,0
41.330,-72.210,0
41.330,-72.230,0
41.330,-72.290,0
41.330,-72.310,0
41.330,-72.330,0
41.330,-72.350,0
41.330,-72.370,0
41.330,-72.390,0
41.330,-72.410,0
41.330,-72.430,0
41.330,-72.450,0
41.330,-72.470,0
41.330,-72.510,0
41.330,-72.530,0
41.330,-72.550,0
41.330,-72.570,0
41.330,-72.590,0
41.330,-72.610,0
41.330,-72.630,0
41.330,-72.650,0
41.330,-72.670,0
41.330,-72.690,0
41.330,-72.710,0
41.330,-72.730,0
41.330,-72.750,0
41.330,-72.770,0
41.330,-72.790,0
41.330,-72.810,0
41.330,-72.830,0
41.330,-72.850,0
41.330,-72.870,0
41.330,-72.930,0
41.330,-72.950,0
41.330,-72.970,0
41.330,-72.990,0
41.330,-73.010,0
41.330,-73.030,0
41.330,-73.050,0
41.330,-73.070,0
41.330,-73.090,0
41.330,-73.110,0
41.330,-73.130,0
41.330,-73.150,0
41.330,-73.170,0
41.330,-73.190,0
41.330,-73.210,0
41.330,-73.230,0
41.330,-73.250,0
41.330,-73.270,0
41.330,-73.290,0
41.330,-73.310,0
41.330,-73.350,0
41.330,-73.370,0
41.330,-73.390,0
41.330,-73.410,0
41.330,-73.430,0
41.330,-73.450,0
41.330,-73.470,0
41.330,-73.490,0
41.330,-73.510,0
41.330,-73.530,0
41.330,-73.550,0
41.350,-71.830,0
41.350,-71.850,0
41.350,-71.870,0
41.350,-71.890,0
41.350,-71.910,0
41.350,-71.930,0
41.350,-71.950,0
41.350,-71.970,0
41.350,-71.990,0
41.350,-72.030,0
41.350,-72.050,0
41.350,-72.070,0
41.350,-72.090,0
41.350,-72.110,0
41.350,-72.130,0
41.350,-72.150,0
41.350,-72.210,0
41.350,-72.230,0
41.350,-72.250,0
41.350,-72.270,0
41.350,-72.290,0
41.350,-72.330,0
41.350,-72.350,0
41.350,-72.390,0
41.350,-72.410,0
41.350,-72.430,0
41.350,-72.450,0
41.350,-72.470,0
41.350,-72.490,0
41.350,-72.510,0
41.350,-72.530,0
41.350,-72.550,0
41.350,-72.570,0
41.350,-72.590,0
41.350,-72.610,0
41.350,-72.630,0
41.350,-72.650,0
41.350,-72.670,0
41.350,-72.690,0
41.350,-72.710,0
41.350,-72.730,0
41.350,-72.750,0
41.350,-72.770,0
41.350,-72.790,0
41.350,-72.810,0
41.350,-72.910,0
41.350,-72.930,0
41.350,-72.950,0
41.350,-72.970,0
41.350,-72.990,0
41.350,-73.010,0
41.350,-73.030,0
41.350,-73.050,0
41.350,-73.070,0
41.350,-73.090,0
41.350,-73.110,0
41.350,-73.130,0
41.350,-73.150,0
41.350,-73.170,0
41.350,-73.190,0
41.350,-73.210,0
41.350,-73.230,0
41.350,-73.250,0
41.350,-73.270,0
41.350,-73.290,0
41.350,-73.310,0
41.350,-73.330,0
41.350,-73.350,0
41.350,-73.370,0
41.350,-73.390,0
41.350,-73.410,0
41.370,-71.830,0
41.370,-71.850,0
41.370,-71.870,0
41.370,-71.890,0
41.370,-71.910,0
41.370,-71.930,0
41.370,-71.950,0
41.370,-71.970,0
41.370,-72.030,0
41.370,-72.070,0
41.370,-72.090,0
41.370,-72.110,0
41.370,-72.130,0
41.370,-72.190,0
41.370,-72.210,0
41.370,-72.230,0
41.370,-72.250,0
41.370,-72.290,0
41.370,-72.310,0
41.370,-72.330,0
41.370,-72.410,0
41.370,-72.430,0
41.370,-72.450,0
41.370,-72.490,0
41.370,-72.510,0
41.370,-72.570,0
41.370,-72.590,0
41.370,-72.610,0
41.370,-72.630,0
41.370,-72.650,0
41.370,-72.710,0
41.370,-72.730,0
41.370,-72.770,0
41.370,-72.790,0
41.370,-72.810,0
41.370,-72.850,0
41.370,-72.890,0
41.370,-72.910,0
41.370,-72.930,0
41.370,-72.950,0
41.370,-72.970,0
41.370,-72.990,0
41.370,-73.010,0
41.370,-73.030,0
41.370,-73.050,0
41.370,-73.070,0
41.370,-73.090,0
41.370,-73.110,0
41.370,-73.130,0
41.370,-73.150,0
41.370,-73.170,0
41.370,-73.190,0
41.370,-73.210,0
41.370,-73.230,0
41.370,-73.250,0
41.370,-73.270,0
41.370,-73.290,0
41.370,-73.310,0
41.370,-73.330,0
41.370,-73.350,0
41.370,-73.370,0
41.370,-73.390,0
41.370,-73.410,0
41.370,-73.430,0
41.370,-73.450,0
41.370,-73.470,0
41.370,-73.490,0
41.370,-73.510,0
41.370,-73.530,0
41.370,-73.550,0
41.390,-71.830,0
41.390,-71.850,0
41.390,-71.910,0
41.390,-71.930,0
41.390,-71.950,0
41.390,-71.970,0
41.390,-71.990,0
41.390,-72.010,0
41.390,-72.030,0
41.390,-72.050,0
41.390,-72.070,0
41.390,-72.110,0
41.390,-72.170,0
41.390,-72.190,0
41.390,-72.210,0
41.390,-72.230,0
41.390,-72.250,0
41.390,-72.270,0
41.390,-72.290,0
41.390,-72.350,0
41.390,-72.370,0
41.390,-72.390,0
41.390,-72.410,0
41.390,-72.430,0
41.390,-72.450,0
41.390,-72.470,0
41.390,-72.490,0
41.390,-72.510,0
41.390,-72.530,0
41.390,-72.550,0
41.390,-72.570,0
41.390,-72.610,0
41.390,-72.630,0
41.390,-72.650,0
41.390,-72.690,0
41.390,-72.710,0
41.390,-72.730,0
41.390,-72.790,0
41.390,-72.810,0
41.390,-72.830,0
41.390,-72.850,0
41.390,-72.870,0
41.390,-72.890,0
41.390,-72.910,0
41.390,-72.930,0
41.390,-72.950,0
41.390,-72.970,0
41.390,-72.990,0
41.390,-73.010,0
41.390,-73.030,0
41.390,-73.050,0
41.390,-73.070,0
41.390,-73.090,0
41.390,-73.110,0
41.390,-73.130,0
41.390,-73.150,0
41.390,-73.170,0
41.390,-73.190,0
41.390,-73.210,0
41.390,-73.230,0
41.390,-73.250,0
41.390,-73.270,0
41.390,-73.290,0
41.390,-73.310,0
41.390,-73.330,0
41.390,-73.350,0
41.390,-73.370,0
41.390,-73.390,0
41.390,-73.410,0
41.390,-73.430,0
41.390,-73.450,0
41.390,-73.470,0
41.390,-73.510,0
41.390,-73.530,0
41.410,-71.830,0
41.410,-71.850,0
41.410,-71.910,0
41.410,-71.930,0
41.410,-71.950,0
41.410,-71.970,0
41.410,-71.990,0
41.410,-72.010,0
41.410,-72.030,0
41.410,-72.050,0
41.410,-72.070,0
41.410,-72.090,0
41.410,-72.110,0
41.410,-72.130,0
41.410,-72.190,0
41.410,-72.210,0
41.410,-72.230,0
41.410,-72.270,0
41.410,-72.290,0
41.410,-72.310,0
41.410,-72.330,0
41.410,-72.350,0
41.410,-72.370,0
41.410,-72.390,0
41.410,-72.410,0
41.410,-72.450,0
41.410,-72.470,0
41.410,-72.570,0
41.410,-72.590,0
41.410,-72.610,0
41.410,-72.630,0
41.410,-72.650,0
41.410,-72.690,0
41.410,-72.710,0
41.410,-72.770,0
41.410,-72.790,0
41.410,-72.810,0
41.410,-72.830,0
41.410,-72.850,0
41.410,-72.870,0
41.410,-72.890,0
41.410,-72.910,0
41.410,-72.930,0
41.410,-72.950,0
41.410,-72.970,0
41.410,-72.990,0
41.410,-73.010,0
41.410,-73.030,0
41.410,-73.070,0
41.410,-73.090,0
41.410,-73.110,0
41.410,-73.130,0
41.410,-73.150,0
41.410,-73.170,0
41.410,-73.190,0
41.410,-73.210,0
41.410,-73.230,0
41.410,-73.250,0
41.410,-73.270,0
41.410,-73.290,0
41.410,-73.310,0
41.410,-73.330,0
41.410,-73.350,0
41.410,-73.370,0
41.410,-73.390,0
41.410,-73.410,0
41.410,-73.430,0
41.410,-73.510,0
41.410,-73.530,0
41.430,-71.810,0
41.430,-71.830,0
41.430,-71.850,0
41.430,-71.870,0
41.430,-71.890,0
41.430,-71.910,0
41.430,-71.930,0
41.430,-71.990,0
41.430,-72.030,0
41.430,-72.050,0
41.430,-72.070,0
41.430,-72.090,0
41.430,-72.130,0
41.430,-72.150,0
41.430,-72.210,0
41.430,-72.230,0
41.430,-72.290,0
41.430,-72.310,0
41.430,-72.330,0
41.430,-72.350,0
41.430,-72.370,0
41.430,-72.390,0
41.430,-72.410,0
41.430,-72.450,0
41.430,-72.470,0
41.430,-72.550,0
41.430,-72.570,0
41.430,-72.610,0
41.430,-72.630,0
41.430,-72.650,0
41.430,-72.690,0
41.430,-72.730,0
41.430,-72.750,0
41.430,-72.770,0
41.430,-72.790,0
41.430,-72.810,0
41.430,-72.830,0
41.430,-72.850,0
41.430,-72.870,0
41.430,-72.890,0
41.430,-72.910,0
41.430,-72.930,0
41.430,-72.950,0
41.430,-72.970,0
41.430,-72.990,0
41.430,-73.010,0
41.430,-73.030,0
41.430,-73.050,0
41.430,-73.070,0
41.430,-73.090,0
41.430,-73.110,0
41.430,-73.130,0
41.430,-73.150,0
41.430,-73.170,0
41.430,-73.190,0
41.430,-73.210,0
41.430,-73.230,0
41.430,-73.250,0
41.430,-73.270,0
41.430,-73.290,0
41.430,-73.310,0
41.430,-73.330,0
41.430,-73.350,0
41.430,-73.370,0
41.430,-73.390,0
41.430,-73.410,0
41.430,-73.430,0
41.430,-73.450,0
41.430,-73.470,0
41.430,-73.490,0
41.430,-73.510,0
41.430,-73.530,0
41.450,-71.830,0
41.450,-71.850,0
41.450,-71.870,0
41.450,-71.890,0
41.450,-71.910,0
41.450,-71.930,0
41.450,-71.970,0
41.450,-71.990,0
41.450,-72.010,0
41.450,-72.030,0
41.450,-72.050,0
41.450,-72.070,0
41.450,-72.130,0
41.450,-72.150,0
41.450,-72.170,0
41.450,-72.230,0
41.450,-72.250,0
41.450,-72.270,0
41.450,-72.290,0
41.450,-72.310,0
41.450,-72.330,0
41.450,-72.410,0
41.450,-72.450,0
41.450,-72.470,0
41.450,-72.510,0
41.450,-72.530,0
41.450,-72.550,0
41.450,-72.570,0
41.450,-72.590,0
41.450,-72.610,0
41.450,-72.630,0
41.450,-72.650,0
41.450,-72.670,0
41.450,-72.690,0
41.450,-72.710,0
41.450,-72.730,0
41.450,-72.750,0
41.450,-72.770,0
41.450,-72.790,0
41.450,-72.810,0
41.450,-72.830,0
41.450,-72.850,0
41.450,-72.870,0
41.450,-72.890,0
41.450,-72.910,0
41.450,-72.970,0
41.450,-72.990,0
41.450,-73.070,0
41.450,-73.090,0
41.450,-73.110,0
41.450,-73.150,0
41.450,-73.170,0
41.450,-73.190,0
41.450,-73.210,0
41.450,-73.230,0
41.450,-73.250,0
41.450,-73.270,0
41.450,-73.290,0
41.450,-73.310,0
41.450,-73.350,0
41.450,-73.430,0
41.450,-73.450,0
41.450,-73.470,0
41.450,-73.490,0
41.450,-73.510,0
41.450,-73.530,0
41.470,-71.830,0
41.470,-71.910,0
41.470,-71.930,0
41.470,-71.950,0
41.470,-71.970,0
41.470,-72.010,0
41.470,-72.030,0
41.470,-72.050,0
41.470,-72.070,0
41.470,-72.150,0
41.470,-72.170,0
41.470,-72.190,0
41.470,-72.210,0
41.470,-72.230,0
41.470,-72.250,0
41.470,-72.270,0
41.470,-72.290,0
41.470,-72.310,0
41.470,-72.330,0
41.470,-72.350,0
41.470,-72.370,0
41.470,-72.390,0
41.470,-72.410,0
41.470,-72.430,0
41.470,-72.450,0
41.470,-72.470,0
41.470,-72.490,0
41.470,-72.510,0
41.470,-72.530,0
41.470,-72.550,0
41.470,-72.570,0
41.470,-72.650,0
41.470,-72.670,0
41.470,-72.690,0
41.470,-72.750,0
41.470,-72.770,0
41.470,-72.790,0
41.470,-72.830,0
41.470,-72.850,0
41.470,-72.870,0
41.470,-72.890,0
41.470,-72.910,0
41.470,-72.930,0
41.470,-72.950,0
41.470,-72.970,0
41.470,-73.070,0
41.470,-73.090,0
41.470,-73.110,0
41.470,-73.130,0
41.470,-73.150,0
41.470,-73.170,0
41.470,-73.190,0
41.470,-73.210,0
41.470,-73.230,0
41.470,-73.250,0
41.470,-73.270,0
41.470,-73.350,0
41.470,-73.370,0
41.470,-73.390,0
41.470,-73.410,0
41.470,-73.430,0
41.470,-73.470,0
41.470,-73.490,0
41.490,-71.830,0
41.490,-71.890,0
41.490,-71.910,0
41.490,-71.950,0
41.490,-71.970,0
41.490,-72.030,0
41.490,-72.050,0
41.490,-72.070,0
41.490,-72.150,0
41.490,-72.170,0
41.490,-72.190,0
41.490,-72.210,0
41.490,-72.230,0
41.490,-72.250,0
41.490,-72.270,0
41.490,-72.290,0
41.490,-72.310,0
41.490,-72.330,0
41.490,-72.350,0
41.490,-72.370,0
41.490,-72.410,0
41.490,-72.430,0
41.490,-72.450,0
41.490,-72.490,0
41.490,-72.510,0
41.490,-72.530,0
41.490,-72.550,0
41.490,-72.630,0
41.490,-72.650,0
41.490,-72.670,0
41.490,-72.690,0
41.490,-72.750,0
41.490,-72.770,0
41.490,-72.790,0
41.490,-72.810,0
41.490,-72.830,0
41.490,-72.870,0
41.490,-72.890,0
41.490,-72.910,0
41.490,-72.930,0
41.490,-72.950,0
41.490,-72.970,0
41.490,-73.010,0
41.490,-73.030,0
41.490,-73.050,0
41.490,-73.070,0
41.490,-73.090,0
41.490,-73.110,0
41.490,-73.130,0
41.490,-73.150,0
41.490,-73.170,0
41.490,-73.190,0
41.490,-73.210,0
41.490,-73.230,0
41.490,-73.250,0
41.490,-73.270,0
41.490,-73.290,0
41.490,-73.310,0
41.490,-73.350,0
41.490,-73.370,0
41.490,-73.410,0
41.490,-73.430,0
41.490,-73.450,0
41.490,-73.470,0
41.490,-73.490,0
41.510,-71.830,0
41.510,-71.890,0
41.510,-71.970,0
41.510,-71.990,0
41.510,-72.010,0
41.510,-72.070,0
41.510,-72.090,0
41.510,-72.110,0
41.510,-72.130,0
41.510,-72.150,0
41.510,-72.230,0
41.510,-72.250,0
41.510,-72.270,0
41.510,-72.290,0
41.510,-72.310,0
41.510,-72.330,0
41.510,-72.450,0
41.510,-72.510,0
41.510,-72.530,0
41.510,-72.550,0
41.510,-72.570,0
41.510,-72.610,0
41.510,-72.630,0
41.510,-72.710,0
41.510,-72.730,0
41.510,-72.750,0
41.510,-72.770,0
41.510,-72.790,0
41.510,-72.810,0
41.510,-72.830,0
41.510,-72.870,0
41.510,-72.890,0
41.510,-72.910,0
41.510,-72.930,0
41.510,-72.950,0
41.510,-72.970,0
41.510,-72.990,0
41.510,-73.010,0
41.510,-73.050,0
41.510,-73.070,0
41.510,-73.090,0
41.510,-73.110,0
41.510,-73.130,0
41.510,-73.150,0
41.510,-73.170,0
41.510,-73.190,0
41.510,-73.210,0
41.510,-73.230,0
41.510,-73.250,0
41.510,-73.270,0
41.510,-73.310,0
41.510,-73.350,0
41.510,-73.370,0
41.510,-73.430,0
41.510,-73.450,0
41.510,-73.470,0
41.510,-73.490,0
41.530,-70.630,0
41.530,-70.650,0
41.530,-70.670,0
41.530,-71.830,0
41.530,-71.850,0
41.530,-71.870,0
41.530,-71.890,0
41.530,-71.930,0
41.530,-71.950,0
41.530,-71.970,0
41.530,-71.990,0
41.530,-72.010,0
41.530,-72.030,0
41.530,-72.050,0
41.530,-72.070,0
41.530,-72.090,0
41.530,-72.130,0
41.530,-72.150,0
41.530,-72.270,0
41.530,-72.290,0
41.530,-72.310,0
41.530,-72.330,0
41.530,-72.430,0
41.530,-72.450,0
41.530,-72.510,0
41.530,-72.530,0
41.530,-72.570,0
41.530,-72.590,0
41.530,-72.610,0
41.530,-72.630,0
41.530,-72.650,0
41.530,-72.670,0
41.530,-72.690,0
41.530,-72.710,0
41.530,-72.730,0
41.530,-72.750,0
41.530,-72.770,0
41.530,-72.790,0
41.530,-72.810,0
41.530,-72.830,0
41.530,-72.850,0
41.530,-72.870,0
41.530,-72.890,0
41.530,-72.910,0
41.530,-72.930,0
41.530,-72.950,0
41.530,-72.970,0
41.530,-73.010,0
41.530,-73.030,0
41.530,-73.050,0
41.530,-73.070,0
41.530,-73.090,0
41.530,-73.110,0
41.530,-73.130,0
41.530,-73.150,0
41.530,-73.170,0
41.530,-73.190,0
41.530,-73.210,0
41.530,-73.230,0
41.530,-73.250,0
41.530,-73.270,0
41.530,-73.290,0
41.530,-73.310,0
41.530,-73.330,0
41.530,-73.350,0
41.530,-73.370,0
41.530,-73.390,0
41.530,-73.410,0
41.530,-73.430,0
41.530,-73.470,0
41.530,-73.490,0
41.550,-70.610,0
41.550,-70.630,0
41.550,-71.830,0
41.550,-71.850,0
41.550,-71.870,0
41.550,-71.890,0
41.550,-71.950,0
41.550,-71.990,0
41.550,-72.030,0
41.550,-72.050,0
41.550,-72.070,0
41.550,-72.090,0
41.550,-72.110,0
41.550,-72.150,0
41.550,-72.170,0
41.550,-72.190,0
41.550,-72.210,0
41.550,-72.270,0
41.550,-72.290,0
41.550,-72.310,0
41.550,-72.330,0
41.550,-72.370,0
41.550,-72.390,0
41.550,-72.410,0
41.550,-72.430,0
41.550,-72.450,0
41.550,-72.530,0
41.550,-72.570,0
41.550,-72.590,0
41.550,-72.610,0
41.550,-72.630,0
41.550,-72.650,0
41.550,-72.670,0
41.550,-72.690,0
41.550,-72.710,0
41.550,-72.750,0
41.550,-72.770,0
41.550,-72.790,0
41.550,-72.810,0
41.550,-72.830,0
41.550,-72.850,0
41.550,-72.870,0
41.550,-72.890,0
41.550,-72.910,0
41.550,-72.930,0
41.550,-73.010,0
41.550,-73.030,0
41.550,-73.050,0
41.550,-73.070,0
41.550,-73.090,0
41.550,-73.110,0
41.550,-73.130,0
41.550,-73.150,0
41.550,-73.170,0
41.550,-73.190,0
41.550,-73.210,0
41.550,-73.230,0
41.550,-73.250,0
41.550,-73.270,0
41.550,-73.290,0
41.550,-73.310,0
41.550,-73.330,0
41.550,-73.350,0
41.550,-73.370,0
41.550,-73.390,0
41.550,-73.410,0
41.550,-73.430,0
41.550,-73.450,0
41.550,-73.470,0
41.550,-73.490,0
41.570,-70.570,0
41.570,-70.590,0
41.570,-70.610,0
41.570,-71.810,0
41.570,-71.830,0
41.570,-71.850,0
41.570,-71.870,0
41.570,-71.890,0
41.570,-71.930,0
41.570,-71.950,0
41.570,-71.970,0
41.570,-71.990,0
41.570,-72.030,0
41.570,-72.070,0
41.570,-72.110,0
41.570,-72.150,0
41.570,-72.170,0
41.570,-72.190,0
41.570,-72.210,0
41.570,-72.250,0
41.570,-72.270,0
41.570,-72.290,0
41.570,-72.310,0
41.570,-72.330,0
41.570,-72.430,0
41.570,-72.450,0
41.570,-72.470,0
41.570,-72.490,0
41.570,-72.510,0
41.570,-72.530,0
41.570,-72.550,0
41.570,-72.570,0
41.570,-72.590,0
41.570,-72.610,0
41.570,-72.630,0
41.570,-72.650,0
41.570,-72.670,0
41.570,-72.690,0
41.570,-72.710,0
41.570,-72.730,0
41.570,-72.750,0
41.570,-72.770,0
41.570,-72.790,0
41.570,-72.810,0
41.570,-72.830,0
41.570,-72.850,0
41.570,-72.870,0
41.570,-72.890,0
41.570,-72.910,0
41.570,-72.930,0
41.570,-72.970,0
41.570,-72.990,0
41.570,-73.010,0
41.570,-73.030,0
41.570,-73.070,0
41.570,-73.090,0
41.570,-73.110,0
41.570,-73.130,0
41.570,-73.150,0
41.570,-73.170,0
41.570,-73.190,0
41.570,-73.210,0
41.570,-73.230,0
41.570,-73.250,0
41.570,-73.270,0
41.570,-73.290,0
41.570,-73.310,0
41.570,-73.330,0
41.570,-73.390,0
41.570,-73.410,0
41.570,-73.430,0
41.570,-73.450,0
41.570,-73.490,0
41.590,-70.550,0
41.590,-70.570,0
41.590,-71.830,0
41.590,-71.850,0
41.590,-71.890,0
41.590,-71.910,0
41.590,-71.930,0
41.590,-71.950,0
41.590,-71.970,0
41.590,-71.990,0
41.590,-72.010,0
41.590,-72.030,0
41.590,-72.050,0
41.590,-72.070,0
41.590,-72.110,0
41.590,-72.150,0
41.590,-72.170,0
41.590,-72.190,0
41.590,-72.210,0
41.590,-72.230,0
41.590,-72.250,0
41.590,-72.270,0
41.590,-72.310,0
41.590,-72.330,0
41.590,-72.370,0
41.590,-72.390,0
41.590,-72.410,0
41.590,-72.430,0
41.590,-72.570,0
41.590,-72.590,0
41.590,-72.610,0
41.590,-72.630,0
41.590,-72.650,0
41.590,-72.670,0
41.590,-72.730,0
41.590,-72.750,0
41.590,-72.770,0
41.590,-72.790,0
41.590,-72.810,0
41.590,-72.830,0
41.590,-72.850,0
41.590,-72.870,0
41.590,-72.890,0
41.590,-72.910,0
41.590,-72.930,0
41.590,-72.950,0
41.590,-72.970,0
41.590,-72.990,0
41.590,-73.010,0
41.590,-73.030,0
41.590,-73.090,0
41.590,-73.110,0
41.590,-73.130,0
41.590,-73.150,0
41.590,-73.170,0
41.590,-73.210,0
41.590,-73.230,0
41.590,-73.250,0
41.590,-73.270,0
41.590,-73.290,0
41.590,-73.310,0
41.590,-73.330,0
41.590,-73.350,0
41.590,-73.390,0
41.590,-73.410,0
41.590,-73.430,0
41.590,-73.450,0
41.590,-73.470,0
41.590,-73.490,0
41.590,-73.510,0
41.610,-70.430,0
41.610,-70.450,0
41.610,-70.490,0
41.610,-70.510,0
41.610,-70.530,0
41.610,-70.550,0
41.610,-71.830,0
41.610,-71.850,0
41.610,-71.910,0
41.610,-71.930,0
41.610,-71.950,0
41.610,-71.970,0
41.610,-71.990,0
41.610,-72.010,0
41.610,-72.030,0
41.610,-72.050,0
41.610,-72.070,0
41.610,-72.090,0
41.610,-72.110,0
41.610,-72.130,0
41.610,-72.150,0
41.610,-72.210,0
41.610,-72.230,0
41.610,-72.250,0
41.610,-72.270,0
41.610,-72.290,0
41.610,-72.310,0
41.610,-72.330,0
41.610,-72.350,0
41.610,-72.370,0
41.610,-72.410,0
41.610,-72.430,0
41.610,-72.450,0
41.610,-72.470,0
41.610,-72.570,0
41.610,-72.590,0
41.610,-72.610,0
41.610,-72.630,0
41.610,-72.650,0
41.610,-72.670,0
41.610,-72.690,0
41.610,-72.710,0
41.610,-72.730,0
41.610,-72.750,0
41.610,-72.770,0
41.610,-72.790,0
41.610,-72.810,0
41.610,-72.830,0
41.610,-72.870,0
41.610,-72.890,0
41.610,-72.950,0
41.610,-72.970,0
41.610,-72.990,0
41.610,-73.010,0
41.610,-73.050,0
41.610,-73.070,0
41.610,-73.090,0
41.610,-73.110,0
41.610,-73.130,0
41.610,-73.150,0
41.610,-73.170,0
41.610,-73.190,0
41.610,-73.210,0
41.610,-73.230,0
41.610,-73.270,0
41.610,-73.290,0
41.610,-73.310,0
41.610,-73.330,0
41.610,-73.350,0
41.610,-73.370,0
41.610,-73.390,0
41.610,-73.410,0
41.610,-73.430,0
41.610,-73.450,0
41.610,-73.470,0
41.610,-73.490,0
41.610,-73.510,0
41.630,-70.290,0
41.630,-70.310,0
41.630,-70.330,0
41.630,-70.350,0
41.630,-70.410,0
41.630,-70.430,0
41.630,-70.450,0
41.630,-70.470,0
41.630,-70.490,0
41.630,-71.830,0
41.630,-71.850,0
41.630,-71.910,0
41.630,-71.930,0
41.630,-71.950,0
41.630,-71.990,0
41.630,-72.010,0
41.630,-72.030,0
41.630,-72.050,0
41.630,-72.070,0
41.630,-72.090,0
41.630,-72.110,0
41.630,-72.130,0
41.630,-72.150,0
41.630,-72.170,0
41.630,-72.210,0
41.630,-72.230,0
41.630,-72.250,0
41.630,-72.310,0
41.630,-72.330,0
41.630,-72.350,0
41.630,-72.370,0
41.630,-72.390,0
41.630,-72.450,0
41.630,-72.470,0
41.630,-72.490,0
41.630,-72.510,0
41.630,-72.590,0
41.630,-72.610,0
41.630,-72.630,0
41.630,-72.650,0
41.630,-72.670,0
41.630,-72.690,0
41.630,-72.710,0
41.630,-72.750,0
41.630,-72.770,0
41.630,-72.790,0
41.630,-72.810,0
41.630,-72.830,0
41.630,-72.870,0
41.630,-72.950,0
41.630,-72.970,0
41.630,-72.990,0
41.630,-73.010,0
41.630,-73.070,0
41.630,-73.150,0
41.630,-73.170,0
41.630,-73.190,0
41.630,-73.210,0
41.630,-73.230,0
41.630,-73.250,0
41.630,-73.270,0
41.630,-73.290,0
41.630,-73.310,0
41.630,-73.330,0
41.630,-73.350,0
41.630,-73.370,0
41.630,-73.390,0
41.630,-73.410,0
41.630,-73.430,0
41.630,-73.450,0
41.630,-73.470,0
41.630,-73.490,0
41.650,-70.130,0
41.650,-70.150,0
41.650,-70.170,0
41.650,-70.190,0
41.650,-70.210,0
41.650,-70.230,0
41.650,-70.250,0
41.650,-70.270,0
41.650,-70.290,0
41.650,-70.310,0
41.650,-70.350,0
41.650,-70.370,0
41.650,-70.390,0
41.650,-70.410,0
41.650,-70.430,0
41.650,-71.810,0
41.650,-71.830,0
41.650,-71.850,0
41.650,-71.910,0
41.650,-71.930,0
41.650,-71.950,0
41.650,-71.970,0
41.650,-71.990,0
41.650,-72.010,0
41.650,-72.030,0
41.650,-72.050,0
41.650,-72.070,0
41.650,-72.150,0
41.650,-72.170,0
41.650,-72.190,0
41.650,-72.210,0
41.650,-72.290,0
41.650,-72.310,0
41.650,-72.330,0
41.650,-72.350,0
41.650,-72.370,0
41.650,-72.390,0
41.650,-72.470,0
41.650,-72.490,0
41.650,-72.510,0
41.650,-72.550,0
41.650,-72.570,0
41.650,-72.590,0
41.650,-72.610,0
41.650,-72.630,0
41.650,-72.650,0
41.650,-72.670,0
41.650,-72.690,0
41.650,-72.710,0
41.650,-72.730,0
41.650,-72.750,0
41.650,-72.770,0
41.650,-72.790,0
41.650,-72.810,0
41.650,-72.870,0
41.650,-72.930,0
41.650,-72.950,0
41.650,-72.970,0
41.650,-73.050,0
41.650,-73.070,0
41.650,-73.170,0
41.650,-73.190,0
41.650,-73.210,0
41.650,-73.230,0
41.650,-73.270,0
41.650,-73.290,0
41.650,-73.310,0
41.650,-73.350,0
41.650,-73.370,0
41.650,-73.390,0
41.650,-73.410,0
41.650,-73.430,0
41.650,-73.450,0
41.650,-73.470,0
41.650,-73.490,0
41.650,-73.510,0
41.670,-69.950,0
41.670,-69.970,0
41.670,-69.990,0
41.670,-70.090,0
41.670,-70.110,0
41.670,-70.130,0
41.670,-70.190,0
41.670,-70.270,0
41.670,-70.290,0
41.670,-70.310,0
41.670,-70.330,0
41.670,-71.830,0
41.670,-71.850,0
41.670,-71.910,0
41.670,-71.930,0
41.670,-71.950,0
41.670,-71.970,0
41.670,-71.990,0
41.670,-72.010,0
41.670,-72.030,0
41.670,-72.050,0
41.670,-72.070,0
41.670,-72.170,0
41.670,-72.210,0
41.670,-72.230,0
41.670,-72.270,0
41.670,-72.290,0
41.670,-72.350,0
41.670,-72.370,0
41.670,-72.390,0
41.670,-72.410,0
41.670,-72.430,0
41.670,-72.450,0
41.670,-72.470,0
41.670,-72.510,0
41.670,-72.530,0
41.670,-72.550,0
41.670,-72.570,0
41.670,-72.590,0
41.670,-72.610,0
41.670,-72.630,0
41.670,-72.650,0
41.670,-72.670,0
41.670,-72.730,0
41.670,-72.750,0
41.670,-72.770,0
41.670,-72.790,0
41.670,-72.810,0
41.670,-72.850,0
41.670,-72.870,0
41.670,-72.950,0
41.670,-72.970,0
41.670,-72.990,0
41.670,-73.050,0
41.670,-73.070,0
41.670,-73.090,0
41.670,-73.110,0
41.670,-73.130,0
41.670,-73.150,0
41.670,-73.170,0
41.670,-73.190,0
41.670,-73.210,0
41.670,-73.230,0
41.670,-73.290,0
41.670,-73.310,0
41.670,-73.330,0
41.670,-73.350,0
41.670,-73.370,0
41.670,-73.390,0
41.670,-73.410,0
41.670,-73.430,0
41.670,-73.450,0
41.670,-73.470,0
41.670,-73.490,0
41.670,-73.510,0
41.670,-73.530,0
41.690,-69.950,0
41.690,-69.970,0
41.690,-69.990,0
41.690,-70.010,0
41.690,-70.030,0
41.690,-70.050,0
41.690,-70.070,0
41.690,-70.090,0
41.690,-70.110,0
41.690,-70.330,0
41.690,-70.350,0
41.690,-70.370,0
41.690,-70.390,0
41.690,-71.790,0
41.690,-71.810,0
41.690,-71.830,0
41.690,-71.850,0
41.690,-71.910,0
41.690,-71.930,0
41.690,-71.950,0
41.690,-71.970,0
41.690,-71.990,0
41.690,-72.010,0
41.690,-72.030,0
41.690,-72.070,0
41.690,-72.090,0
41.690,-72.110,0
41.690,-72.130,0
41.690,-72.150,0
41.690,-72.170,0
41.690,-72.190,0
41.690,-72.230,0
41.690,-72.250,0
41.690,-72.270,0
41.690,-72.290,0
41.690,-72.310,0
41.690,-72.350,0
41.690,-72.370,0
41.690,-72.390,0
41.690,-72.410,0
41.690,-72.430,0
41.690,-72.450,0
41.690,-72.470,0
41.690,-72.490,0
41.690,-72.510,0
41.690,-72.530,0
41.690,-72.550,0
41.690,-72.590,0
41.690,-72.610,0
41.690,-72.630,0
41.690,-72.650,0
41.690,-72.670,0
41.690,-72.690,0
41.690,-72.730,0
41.690,-72.750,0
41.690,-72.770,0
41.690,-72.790,0
41.690,-72.810,0
41.690,-72.850,0
41.690,-72.870,0
41.690,-72.890,0
41.690,-72.910,0
41.690,-72.950,0
41.690,-72.970,0
41.690,-72.990,0
41.690,-73.010,0
41.690,-73.030,0
41.690,-73.050,0
41.690,-73.070,0
41.690,-73.090,0
41.690,-73.110,0
41.690,-73.130,0
41.690,-73.150,0
41.690,-73.170,0
41.690,-73.190,0
41.690,-73.210,0
41.690,-73.230,0
41.690,-73.250,0
41.690,-73.270,0
41.690,-73.290,0
41.690,-73.310,0
41.690,-73.330,0
41.690,-73.350,0
41.690,-73.370,0
41.690,-73.390,0
41.690,-73.410,0
41.690,-73.430,0
41.690,-73.450,0
41.690,-73.470,0
41.690,-73.490,0
41.690,-73.510,0
41.710,-69.970,0
41.710,-69.990,0
41.710,-70.090,0
41.710,-70.390,0
41.710,-70.410,0
41.710,-70.430,0
41.710,-71.790,0
41.710,-71.810,0
41.710,-71.830,0
41.710,-71.850,0
41.710,-71.870,0
41.710,-71.890,0
41.710,-71.910,0
41.710,-71.930,0
41.710,-71.950,0
41.710,-71.970,0
41.710,-72.070,0
41.710,-72.090,0
41.710,-72.150,0
41.710,-72.190,0
41.710,-72.210,0
41.710,-72.230,0
41.710,-72.250,0
41.710,-72.270,0
41.710,-72.290,0
41.710,-72.310,0
41.710,-72.370,0
41.710,-72.390,0
41.710,-72.450,0
41.710,-72.470,0
41.710,-72.490,0
41.710,-72.510,0
41.710,-72.530,0
41.710,-72.550,0
41.710,-72.570,0
41.710,-72.590,0
41.710,-72.610,0
41.710,-72.630,0
41.710,-72.650,0
41.710,-72.690,0
41.710,-72.730,0
41.710,-72.750,0
41.710,-72.770,0
41.710,-72.790,0
41.710,-72.810,0
41.710,-72.830,0
41.710,-72.850,0
41.710,-72.870,0
41.710,-72.910,0
41.710,-72.930,0
41.710,-72.950,0
41.710,-72.970,0
41.710,-72.990,0
41.710,-73.010,0
41.710,-73.030,0
41.710,-73.050,0
41.710,-73.070,0
41.710,-73.090,0
41.710,-73.130,0
41.710,-73.150,0
41.710,-73.170,0
41.710,-73.190,0
41.710,-73.210,0
41.710,-73.230,0
41.710,-73.250,0
41.710,-73.330,0
41.710,-73.350,0
41.710,-73.370,0
41.710,-73.390,0
41.710,-73.410,0
41.710,-73.430,0
41.710,-73.450,0
41.710,-73.470,0
41.710,-73.490,0
41.730,-69.990,0
41.730,-70.070,0
41.730,-70.090,0
41.730,-70.430,0
41.730,-70.450,0
41.730,-70.470,0
41.730,-70.490,0
41.730,-71.790,0
41.730,-71.810,0
41.730,-71.830,0
41.730,-71.850,0
41.730,-71.870,0
41.730,-71.890,0
41.730,-71.910,0
41.730,-71.970,0
41.730,-72.050,0
41.730,-72.070,0
41.730,-72.090,0
41.730,-72.170,0
41.730,-72.190,0
41.730,-72.250,0
41.730,-72.270,0
41.730,-72.290,0
41.730,-72.310,0
41.730,-72.330,0
41.730,-72.350,0
41.730,-72.370,0
41.730,-72.390,0
41.730,-72.550,0
41.730,-72.570,0
41.730,-72.590,0
41.730,-72.610,0
41.730,-72.630,0
41.730,-72.670,0
41.730,-72.690,0
41.730,-72.710,0
41.730,-72.730,0
41.730,-72.750,0
41.730,-72.770,0
41.730,-72.790,0
41.730,-72.810,0
41.730,-72.830,0
41.730,-72.850,0
41.730,-72.870,0
41.730,-72.890,0
41.730,-72.910,0
41.730,-72.930,0
41.730,-72.950,0
41.730,-73.010,0
41.730,-73.050,0
41.730,-73.070,0
41.730,-73.090,0
41.730,-73.110,0
41.730,-73.130,0
41.730,-73.150,0
41.730,-73.170,0
41.730,-73.190,0
41.730,-73.210,0
41.730,-73.230,0
41.730,-73.250,0
41.730,-73.330,0
41.730,-73.350,0
41.730,-73.410,0
41.730,-73.430,0
41.730,-73.470,0
41.730,-73.490,0
41.750,-69.990,0
41.750,-70.070,0
41.750,-70.490,0
41.750,-70.570,0
41.750,-70.590,0
41.750,-70.610,0
41.750,-71.790,0
41.750,-71.830,0
41.750,-71.850,0
41.750,-71.870,0
41.750,-71.890,0
41.750,-71.910,0
41.750,-71.950,0
41.750,-71.970,0
41.750,-72.010,0
41.750,-72.030,0
41.750,-72.050,0
41.750,-72.070,0
41.750,-72.110,0
41.750,-72.130,0
41.750,-72.150,0
41.750,-72.170,0
41.750,-72.290,0
41.750,-72.310,0
41.750,-72.370,0
41.750,-72.390,0
41.750,-72.410,0
41.750,-72.430,0
41.750,-72.450,0
41.750,-72.530,0
41.750,-72.550,0
41.750,-72.570,0
41.750,-72.590,0
41.750,-72.610,0
41.750,-72.630,0
41.750,-72.650,0
41.750,-72.670,0
41.750,-72.690,0
41.750,-72.750,0
41.750,-72.770,0
41.750,-72.810,0
41.750,-72.830,0
41.750,-72.850,0
41.750,-72.870,0
41.750,-72.890,0
41.750,-72.910,0
41.750,-72.930,0
41.750,-72.950,0
41.750,-73.010,0
41.750,-73.030,0
41.750,-73.050,0
41.750,-73.070,0
41.750,-73.090,0
41.750,-73.110,0
41.750,-73.130,0
41.750,-73.150,0
41.750,-73.170,0
41.750,-73.190,0
41.750,-73.210,0
41.750,-73.230,0
41.750,-73.250,0
41.750,-73.270,0
41.750,-73.330,0
41.750,-73.350,0
41.750,-73.410,0
41.750,-73.430,0
41.750,-73.450,0
41.750,-73.470,0
41.750,-73.490,0
41.770,-69.970,0
41.770,-69.990,0
41.770,-70.010,0
41.770,-70.030,0
41.770,-70.050,0
41.770,-70.070,0
41.770,-70.490,0
41.770,-70.510,0
41.770,-70.530,0
41.770,-70.550,0
41.770,-70.570,0
41.770,-71.790,0
41.770,-71.810,0
41.770,-71.830,0
41.770,-71.850,0
41.770,-71.870,0
41.770,-71.890,0
41.770,-71.910,0
41.770,-71.930,0
41.770,-71.950,0
41.770,-71.970,0
41.770,-71.990,0
41.770,-72.010,0
41.770,-72.050,0
41.770,-72.070,0
41.770,-72.090,0
41.770,-72.110,0
41.770,-72.190,0
41.770,-72.210,0
41.770,-72.290,0
41.770,-72.310,0
41.770,-72.350,0
41.770,-72.370,0
41.770,-72.390,0
41.770,-72.410,0
41.770,-72.430,0
41.770,-72.450,0
41.770,-72.470,0
41.770,-72.490,0
41.770,-72.510,0
41.770,-72.530,0
41.770,-72.550,0
41.770,-72.570,0
41.770,-72.590,0
41.770,-72.610,0
41.770,-72.630,0
41.770,-72.650,0
41.770,-72.670,0
41.770,-72.690,0
41.770,-72.710,0
41.770,-72.730,0
41.770,-72.750,0
41.770,-72.810,0
41.770,-72.830,0
41.770,-72.850,0
41.770,-72.890,0
41.770,-72.910,0
41.770,-72.930,0
41.770,-72.950,0
41.770,-72.970,0
41.770,-72.990,0
41.770,-73.010,0
41.770,-73.030,0
41.770,-73.050,0
41.770,-73.070,0
41.770,-73.090,0
41.770,-73.110,0
41.770,-73.130,0
41.770,-73.150,0
41.770,-73.170,0
41.770,-73.190,0
41.770,-73.210,0
41.770,-73.230,0
41.770,-73.250,0
41.770,-73.270,0
41.770,-73.290,0
41.770,-73.330,0
41.770,-73.350,0
41.770,-73.430,0
41.770,-73.450,0
41.770,-73.470,0
41.770,-73.490,0
41.790,-69.970,0
41.790,-69.990,0
41.790,-70.010,0
41.790,-70.550,0
41.790,-71.790,0
41.790,-71.810,0
41.790,-71.830,0
41.790,-71.850,0
41.790,-71.870,0
41.790,-71.890,0
41.790,-71.910,0
41.790,-71.930,0
41.790,-71.950,0
41.790,-71.970,0
41.790,-72.050,0
41.790,-72.070,0
41.790,-72.130,0
41.790,-72.210,0
41.790,-72.230,0
41.790,-72.250,0
41.790,-72.270,0
41.790,-72.290,0
41.790,-72.310,0
41.790,-72.330,0
41.790,-72.350,0
41.790,-72.370,0
41.790,-72.390,0
41.790,-72.410,0
41.790,-72.430,0
41.790,-72.450,0
41.790,-72.470,0
41.790,-72.590,0
41.790,-72.610,0
41.790,-72.630,0
41.790,-72.710,0
41.790,-72.730,0
41.790,-72.810,0
41.790,-72.830,0
41.790,-72.850,0
41.790,-72.930,0
41.790,-72.950,0
41.790,-72.970,0
41.790,-72.990,0
41.790,-73.030,0
41.790,-73.050,0
41.790,-73.090,0
41.790,-73.110,0
41.790,-73.150,0
41.790,-73.170,0
41.790,-73.190,0
41.790,-73.230,0
41.790,-73.250,0
41.790,-73.270,0
41.790,-73.290,0
41.790,-73.350,0
41.790,-73.370,0
41.790,-73.450,0
41.790,-73.470,0
41.790,-73.490,0
41.810,-69.990,0
41.810,-71.790,0
41.810,-71.810,0
41.810,-71.830,0
41.810,-71.870,0
41.810,-71.890,0
41.810,-71.950,0
41.810,-72.070,0
41.810,-72.090,0
41.810,-72.110,0
41.810,-72.130,0
41.810,-72.230,0
41.810,-72.250,0
41.810,-72.290,0
41.810,-72.310,0
41.810,-72.350,0
41.810,-72.370,0
41.810,-72.390,0
41.810,-72.450,0
41.810,-72.490,0
41.810,-72.510,0
41.810,-72.570,0
41.810,-72.590,0
41.810,-72.610,0
41.810,-72.630,0
41.810,-72.730,0
41.810,-72.750,0
41.810,-72.810,0
41.810,-72.830,0
41.810,-72.870,0
41.810,-72.890,0
41.810,-72.910,0
41.810,-72.930,0
41.810,-72.970,0
41.810,-72.990,0
41.810,-73.010,0
41.810,-73.030,0
41.810,-73.050,0
41.810,-73.090,0
41.810,-73.110,0
41.810,-73.130,0
41.810,-73.150,0
41.810,-73.170,0
41.810,-73.190,0
41.810,-73.230,0
41.810,-73.250,0
41.810,-73.270,0
41.810,-73.290,0
41.810,-73.370,0
41.810,-73.390,0
41.810,-73.410,0
41.810,-73.430,0
41.810,-73.490,0
41.810,-73.510,0
41.830,-69.990,0
41.830,-71.810,0
41.830,-71.870,0
41.830,-71.950,0
41.830,-72.010,0
41.830,-72.030,0
41.830,-72.050,0
41.830,-72.070,0
41.830,-72.090,0
41.830,-72.130,0
41.830,-72.170,0
41.830,-72.190,0
41.830,-72.250,0
41.830,-72.270,0
41.830,-72.290,0
41.830,-72.310,0
41.830,-72.350,0
41.830,-72.370,0
41.830,-72.390,0
41.830,-72.410,0
41.830,-72.450,0
41.830,-72.470,0
41.830,-72.490,0
41.830,-72.510,0
41.830,-72.550,0
41.830,-72.570,0
41.830,-72.590,0
41.830,-72.610,0
41.830,-72.630,0
41.830,-72.650,0
41.830,-72.690,0
41.830,-72.710,0
41.830,-72.730,0
41.830,-72.750,0
41.830,-72.810,0
41.830,-72.830,0
41.830,-72.870,0
41.830,-72.890,0
41.830,-72.910,0
41.830,-72.930,0
41.830,-72.950,0
41.830,-72.970,0
41.830,-72.990,0
41.830,-73.010,0
41.830,-73.030,0
41.830,-73.050,0
41.830,-73.070,0
41.830,-73.090,0
41.830,-73.110,0
41.830,-73.130,0
41.830,-73.150,0
41.830,-73.190,0
41.830,-73.210,0
41.830,-73.230,0
41.830,-73.250,0
41.830,-73.270,0
41.830,-73.310,0
41.830,-73.330,0
41.830,-73.350,0
41.830,-73.370,0
41.830,-73.390,0
41.830,-73.410,0
41.830,-73.430,0
41.830,-73.490,0
41.830,-73.510,0
41.830,-73.930,0
41.830,-73.950,0
41.850,-69.990,0
41.850,-71.810,0
41.850,-71.830,0
41.850,-71.870,0
41.850,-71.890,0
41.850,-71.950,0
41.850,-71.970,0
41.850,-71.990,0
41.850,-72.010,0
41.850,-72.090,0
41.850,-72.130,0
41.850,-72.150,0
41.850,-72.170,0
41.850,-72.190,0
41.850,-72.230,0
41.850,-72.250,0
41.850,-72.270,0
41.850,-72.290,0
41.850,-72.310,0
41.850,-72.370,0
41.850,-72.390,0
41.850,-72.470,0
41.850,-72.490,0
41.850,-72.530,0
41.850,-72.550,0
41.850,-72.610,0
41.850,-72.630,0
41.850,-72.650,0
41.850,-72.670,0
41.850,-72.690,0
41.850,-72.710,0
41.850,-72.750,0
41.850,-72.810,0
41.850,-72.850,0
41.850,-72.870,0
41.850,-72.890,0
41.850,-72.910,0
41.850,-72.930,0
41.850,-72.950,0
41.850,-72.990,0
41.850,-73.010,0
41.850,-73.030,0
41.850,-73.090,0
41.850,-73.130,0
41.850,-73.150,0
41.850,-73.170,0
41.850,-73.190,0
41.850,-73.210,0
41.850,-73.290,0
41.850,-73.310,0
41.850,-73.330,0
41.850,-73.350,0
41.850,-73.370,0
41.850,-73.410,0
41.850,-73.430,0
41.850,-73.450,0
41.850,-73.490,0
41.850,-73.510,0
41.850,-73.890,0
41.850,-73.910,0
41.850,-73.930,0
41.850,-73.950,0
41.870,-69.990,0
41.870,-71.830,0
41.870,-71.890,0
41.870,-71.930,0
41.870,-71.950,0
41.870,-71.970,0
41.870,-71.990,0
41.870,-72.010,0
41.870,-72.030,0
41.870,-72.090,0
41.870,-72.110,0
41.870,-72.130,0
41.870,-72.150,0
41.870,-72.170,0
41.870,-72.190,0
41.870,-72.230,0
41.870,-72.250,0
41.870,-72.270,0
41.870,-72.290,0
41.870,-72.310,0
41.870,-72.350,0
41.870,-72.370,0
41.870,-72.390,0
41.870,-72.410,0
41.870,-72.430,0
41.870,-72.490,0
41.870,-72.510,0
41.870,-72.530,0
41.870,-72.590,0
41.870,-72.610,0
41.870,-72.630,0
41.870,-72.650,0
41.870,-72.670,0
41.870,-72.690,0
41.870,-72.710,0
41.870,-72.730,0
41.870,-72.750,0
41.870,-72.790,0
41.870,-72.810,0
41.870,-72.830,0
41.870,-72.850,0
41.870,-72.950,0
41.870,-72.970,0
41.870,-73.010,0
41.870,-73.070,0
41.870,-73.090,0
41.870,-73.110,0
41.870,-73.130,0
41.870,-73.150,0
41.870,-73.210,0
41.870,-73.230,0
41.870,-73.250,0
41.870,-73.290,0
41.870,-73.310,0
41.870,-73.330,0
41.870,-73.350,0
41.870,-73.370,0
41.870,-73.390,0
41.870,-73.410,0
41.870,-73.430,0
41.870,-73.450,0
41.870,-73.470,0
41.870,-73.490,0
41.870,-73.510,0
41.870,-73.910,0
41.870,-73.930,0
41.890,-69.990,0
41.890,-71.790,0
41.890,-71.810,0
41.890,-71.830,0
41.890,-71.850,0
41.890,-71.870,0
41.890,-71.890,0
41.890,-71.910,0
41.890,-71.930,0
41.890,-71.950,0
41.890,-71.970,0
41.890,-71.990,0
41.890,-72.010,0
41.890,-72.030,0
41.890,-72.050,0
41.890,-72.070,0
41.890,-72.090,0
41.890,-72.230,0
41.890,-72.290,0
41.890,-72.310,0
41.890,-72.330,0
41.890,-72.350,0
41.890,-72.410,0
41.890,-72.430,0
41.890,-72.450,0
41.890,-72.470,0
41.890,-72.490,0
41.890,-72.510,0
41.890,-72.530,0
41.890,-72.550,0
41.890,-72.570,0
41.890,-72.590,0
41.890,-72.630,0
41.890,-72.650,0
41.890,-72.670,0
41.890,-72.690,0
41.890,-72.710,0
41.890,-72.790,0
41.890,-72.810,0
41.890,-72.830,0
41.890,-72.890,0
41.890,-72.970,0
41.890,-72.990,0
41.890,-73.010,0
41.890,-73.070,0
41.890,-73.110,0
41.890,-73.130,0
41.890,-73.170,0
41.890,-73.210,0
41.890,-73.230,0
41.890,-73.250,0
41.890,-73.270,0
41.890,-73.290,0
41.890,-73.310,0
41.890,-73.330,0
41.890,-73.350,0
41.890,-73.370,0
41.890,-73.410,0
41.890,-73.430,0
41.890,-73.450,0
41.890,-73.470,0
41.890,-73.490,0
41.910,-69.990,0
41.910,-70.010,0
41.910,-71.790,0
41.910,-71.810,0
41.910,-71.830,0
41.910,-71.850,0
41.910,-71.870,0
41.910,-71.890,0
41.910,-71.910,0
41.910,-71.930,0
41.910,-71.950,0
41.910,-71.970,0
41.910,-71.990,0
41.910,-72.030,0
41.910,-72.050,0
41.910,-72.070,0
41.910,-72.090,0
41.910,-72.110,0
41.910,-72.130,0
41.910,-72.150,0
41.910,-72.170,0
41.910,-72.230,0
41.910,-72.310,0
41.910,-72.330,0
41.910,-72.350,0
41.910,-72.390,0
41.910,-72.430,0
41.910,-72.470,0
41.910,-72.510,0
41.910,-72.530,0
41.910,-72.550,0
41.910,-72.570,0
41.910,-72.630,0
41.910,-72.670,0
41.910,-72.730,0
41.910,-72.750,0
41.910,-72.790,0
41.910,-72.810,0
41.910,-72.830,0
41.910,-72.890,0
41.910,-72.910,0
41.910,-72.930,0
41.910,-72.950,0
41.910,-72.970,0
41.910,-72.990,0
41.910,-73.010,0
41.910,-73.030,0
41.910,-73.050,0
41.910,-73.070,0
41.910,-73.130,0
41.910,-73.150,0
41.910,-73.170,0
41.910,-73.190,0
41.910,-73.210,0
41.910,-73.230,0
41.910,-73.250,0
41.910,-73.270,0
41.910,-73.290,0
41.910,-73.330,0
41.910,-73.350,0
41.910,-73.370,0
41.910,-73.410,0
41.910,-73.430,0
41.910,-73.470,0
41.910,-73.490,0
41.930,-69.990,0
41.930,-70.010,0
41.930,-70.030,0
41.930,-71.790,0
41.930,-71.810,0
41.930,-71.830,0
41.930,-71.890,0
41.930,-71.910,0
41.930,-71.930,0
41.930,-71.950,0
41.930,-71.970,0
41.930,-72.010,0
41.930,-72.030,0
41.930,-72.050,0
41.930,-72.070,0
41.930,-72.090,0
41.930,-72.110,0
41.930,-72.130,0
41.930,-72.150,0
41.930,-72.170,0
41.930,-72.230,0
41.930,-72.250,0
41.930,-72.270,0
41.930,-72.310,0
41.930,-72.330,0
41.930,-72.350,0
41.930,-72.370,0
41.930,-72.390,0
41.930,-72.470,0
41.930,-72.510,0
41.930,-72.530,0
41.930,-72.550,0
41.930,-72.570,0
41.930,-72.590,0
41.930,-72.610,0
41.930,-72.630,0
41.930,-72.650,0
41.930,-72.670,0
41.930,-72.710,0
41.930,-72.730,0
41.930,-72.750,0
41.930,-72.770,0
41.930,-72.790,0
41.930,-72.810,0
41.930,-72.830,0
41.930,-72.890,0
41.930,-72.910,0
41.930,-72.930,0
41.930,-72.970,0
41.930,-72.990,0
41.930,-73.010,0
41.930,-73.050,0
41.930,-73.070,0
41.930,-73.090,0
41.930,-73.110,0
41.930,-73.130,0
41.930,-73.170,0
41.930,-73.210,0
41.930,-73.350,0
41.930,-73.370,0
41.930,-73.390,0
41.930,-73.410,0
41.930,-73.430,0
41.930,-73.470,0
41.950,-70.030,0
41.950,-70.050,0
41.950,-71.810,0
41.950,-71.830,0
41.950,-71.850,0
41.950,-71.870,0
41.950,-71.890,0
41.950,-71.970,0
41.950,-71.990,0
41.950,-72.010,0
41.950,-72.030,0
41.950,-72.050,0
41.950,-72.070,0
41.950,-72.090,0
41.950,-72.110,0
41.950,-72.130,0
41.950,-72.150,0
41.950,-72.170,0
41.950,-72.190,0
41.950,-72.230,0
41.950,-72.250,0
41.950,-72.270,0
41.950,-72.290,0
41.950,-72.310,0
41.950,-72.330,0
41.950,-72.370,0
41.950,-72.390,0
41.950,-72.410,0
41.950,-72.470,0
41.950,-72.490,0
41.950,-72.550,0
41.950,-72.570,0
41.950,-72.590,0
41.950,-72.610,0
41.950,-72.710,0
41.950,-72.730,0
41.950,-72.750,0
41.950,-72.770,0
41.950,-72.790,0
41.950,-72.810,0
41.950,-72.830,0
41.950,-72.850,0
41.950,-72.870,0
41.950,-72.890,0
41.950,-72.910,0
41.950,-72.970,0
41.950,-72.990,0
41.950,-73.010,0
41.950,-73.030,0
41.950,-73.050,0
41.950,-73.070,0
41.950,-73.090,0
41.950,-73.110,0
41.950,-73.170,0
41.950,-73.190,0
41.950,-73.210,0
41.950,-73.270,0
41.950,-73.290,0
41.950,-73.310,0
41.950,-73.330,0
41.950,-73.350,0
41.950,-73.370,0
41.950,-73.390,0
41.950,-73.430,0
41.950,-73.450,0
41.950,-73.470,0
41.970,-70.050,0
41.970,-70.070,0
41.970,-71.790,0
41.970,-71.810,0
41.970,-71.830,0
41.970,-71.850,0
41.970,-71.870,0
41.970,-71.890,0
41.970,-71.910,0
41.970,-71.990,0
41.970,-72.010,0
41.970,-72.030,0
41.970,-72.050,0
41.970,-72.070,0
41.970,-72.090,0
41.970,-72.110,0
41.970,-72.150,0
41.970,-72.170,0
41.970,-72.190,0
41.970,-72.210,0
41.970,-72.230,0
41.970,-72.250,0
41.970,-72.290,0
41.970,-72.310,0
41.970,-72.350,0
41.970,-72.370,0
41.970,-72.410,0
41.970,-72.430,0
41.970,-72.470,0
41.970,-72.550,0
41.970,-72.570,0
41.970,-72.590,0
41.970,-72.630,0
41.970,-72.650,0
41.970,-72.690,0
41.970,-72.710,0
41.970,-72.730,0
41.970,-72.750,0
41.970,-72.770,0
41.970,-72.790,0
41.970,-72.810,0
41.970,-72.830,0
41.970,-72.850,0
41.970,-72.870,0
41.970,-72.890,0
41.970,-72.910,0
41.970,-72.970,0
41.970,-72.990,0
41.970,-73.010,0
41.970,-73.030,0
41.970,-73.050,0
41.970,-73.070,0
41.970,-73.090,0
41.970,-73.110,0
41.970,-73.130,0
41.970,-73.250,0
41.970,-73.270,0
41.970,-73.310,0
41.970,-73.330,0
41.970,-73.350,0
41.970,-73.370,0
41.970,-73.390,0
41.970,-73.410,0
41.970,-73.430,0
41.990,-70.050,0
41.990,-70.070,0
41.990,-71.790,0
41.990,-71.810,0
41.990,-71.830,0
41.990,-71.850,0
41.990,-71.870,0
41.990,-71.890,0
41.990,-71.910,0
41.990,-71.930,0
41.990,-71.950,0
41.990,-71.970,0
41.990,-71.990,0
41.990,-72.010,0
41.990,-72.050,0
41.990,-72.070,0
41.990,-72.090,0
41.990,-72.110,0
41.990,-72.130,0
41.990,-72.150,0
41.990,-72.170,0
41.990,-72.190,0
41.990,-72.210,0
41.990,-72.230,0
41.990,-72.250,0
41.990,-72.270,0
41.990,-72.290,0
41.990,-72.310,0
41.990,-72.350,0
41.990,-72.370,0
41.990,-72.390,0
41.990,-72.430,0
41.990,-72.450,0
41.990,-72.470,0
41.990,-72.490,0
41.990,-72.510,0
41.990,-72.530,0
41.990,-72.550,0
41.990,-72.570,0
41.990,-72.590,0
41.990,-72.610,0
41.990,-72.630,0
41.990,-72.650,0
41.990,-72.670,0
41.990,-72.690,0
41.990,-72.710,0
41.990,-72.730,0
41.990,-72.750,0
41.990,-72.770,0
41.990,-72.790,0
41.990,-72.810,0
41.990,-72.830,0
41.990,-72.850,0
41.990,-72.870,0
41.990,-72.890,0
41.990,-72.910,0
41.990,-72.930,0
41.990,-72.970,0
41.990,-72.990,0
41.990,-73.010,0
41.990,-73.030,0
41.990,-73.050,0
41.990,-73.070,0
41.990,-73.090,0
41.990,-73.110,0
41.990,-73.130,0
41.990,-73.150,0
41.990,-73.170,0
41.990,-73.190,0
41.990,-73.210,0
41.990,-73.230,0
41.990,-73.250,0
41.990,-73.270,0
41.990,-73.290,0
41.990,-73.330,0
41.990,-73.350,0
41.990,-73.370,0
41.990,-73.390,0
41.990,-73.410,0
41.990,-73.430,0
41.990,-73.450,0
42.010,-70.070,0
42.010,-71.790,0
42.010,-71.810,0
42.010,-71.830,0
42.010,-71.850,0
42.010,-71.870,0
42.010,-71.890,0
42.010,-71.910,0
42.010,-71.930,0
42.010,-71.950,0
42.010,-71.970,0
42.010,-71.990,0
42.010,-72.010,0
42.010,-72.030,0
42.010,-72.050,0
42.010,-72.070,0
42.010,-72.090,0
42.010,-72.150,0
42.010,-72.170,0
42.010,-72.250,0
42.010,-72.270,0
42.010,-72.310,0
42.010,-72.390,0
42.010,-72.430,0
42.010,-72.450,0
42.010,-72.470,0
42.010,-72.490,0
42.010,-72.510,0
42.010,-72.530,0
42.010,-72.550,0
42.010,-72.570,0
42.010,-72.590,0
42.010,-72.610,0
42.010,-72.630,0
42.010,-72.650,0
42.010,-72.670,0
42.010,-72.690,0
42.010,-72.710,0
42.010,-72.730,0
42.010,-72.750,0
42.010,-72.770,0
42.010,-72.830,0
42.010,-72.850,0
42.010,-72.890,0
42.010,-72.910,0
42.010,-72.930,0
42.010,-72.950,0
42.010,-72.970,0
42.010,-72.990,0
42.010,-73.010,0
42.010,-73.070,0
42.010,-73.090,0
42.010,-73.110,0
42.010,-73.190,0
42.010,-73.210,0
42.010,-73.230,0
42.010,-73.290,0
42.010,-73.310,0
42.010,-73.330,0
42.010,-73.350,0
42.010,-73.390,0
42.010,-73.430,0
42.010,-73.450,0
42.010,-73.470,0
42.030,-70.070,0
42.030,-71.830,0
42.030,-71.850,0
42.030,-71.870,0
42.030,-71.910,0
42.030,-71.950,0
42.030,-72.010,0
42.030,-72.030,0
42.030,-72.050,0
42.030,-72.070,0
42.030,-72.130,0
42.030,-72.150,0
42.030,-72.250,0
42.030,-72.390,0
42.030,-72.410,0
42.030,-72.430,0
42.030,-72.450,0
42.030,-72.490,0
42.030,-72.510,0
42.030,-72.530,0
42.030,-72.550,0
42.030,-72.570,0
42.030,-72.610,0
42.030,-72.630,0
42.030,-72.650,0
42.030,-72.670,0
42.030,-72.690,0
42.030,-72.710,0
42.030,-72.730,0
42.030,-72.750,0
42.030,-72.770,0
42.030,-72.850,0
42.030,-72.870,0
42.030,-72.890,0
42.030,-72.910,0
42.030,-72.930,0
42.030,-72.950,0
42.030,-72.970,0
42.030,-73.290,0
42.030,-73.310,0
42.030,-73.330,0
42.030,-73.350,0
42.030,-73.430,0
42.030,-73.450,0
42.030,-73.470,0
42.050,-70.070,0
42.050,-70.090,0
42.050,-70.110,0
42.050,-70.130,0
42.050,-70.150,0
42.050,-70.190,0
42.050,-70.210,0
42.050,-72.710,0
42.050,-72.870,0
42.050,-72.890,0
42.050,-73.330,0
42.050,-73.450,0
42.050,-73.470,0
42.070,-70.150,0
42.070,-70.170,0
42.070,-70.190,0
42.070,-70.210,0
42.070,-70.230,0
42.070,-70.250,0
42.090,-70.210,0
42.090,-70.230,0
42.350,-71.050,0
42.370,-71.030,0
42.370,-71.050,0
42.390,-70.990,0
42.390,-71.010,0
42.390,-71.030,0
42.410,-70.990,0
42.410,-71.010,0
42.410,-71.030,0
42.510,-73.030,0
42.530,-70.890,0
