41901326, Salem, 190153, 5.221924781227065
41901326, Lyme, 190091, 6.834166431584006
41901326, East Haddam, 190084, 0.6762227813436085
43322431, Westport, 1283, 0.009404898746603106
43509153, Fairfield, 190001, 4.136070810464922
44016166, Milford, 190117, 3.7372468585160785
43802422, Putnam Memorial State Park, 344792, 0.1715794326172579
43802422, Collis P. Huntington State Park, 344750, 0.08741436931930982
43802422, Bethel, 190031, 0.309559753349857
43802422, Redding, 190045, 6.905817698203741
41901361, Pawcatuck, 1322, 4.226919068241869
41901361, North Stonington, 190093, 7.08824489207168
41901361, Groton Long Point, 1285, 1.0544219201197664
41901361, Mystic, 1309, 3.171015423064211
41901361, Westerly, 144510, 0.22036824202248212
41901361, Ledyard, 190057, 0.3488856869063905
41901361, Stonington, 355395, 13.852598267405119
41901361, Bluff Point State Park, 344743, 0.9117951792904713
41901361, Noank, 1307, 1.701917173717762
41901361, Stonington, 1323, 1.5897118201104468
41901361, Poquonock Bridge, 1308, 6.877632728541549e-07
41901361, Groton, 190090, 8.023999297638163
41901371, Pomfret, 190133, 7.656155121180106
41901371, Airline State Park Trail (North Trail), 344814, 0.08916495129429569
41901371, Douglas, 117360, 0.31113391156471065
41901371, Hampton, 190064, 6.303711784978318
41901371, Putnam District, 1295, 1.769839331017921
41901371, Putnam, 190157, 2.7466020031888143
41901371, Thompson, 190151, 2.30341205839976
41901371, Burrillville, 144497, 0.010250402160827413
42096742, Bridgewater, 190122, 2.437021270228245
41901407, Stratford, 190040, 1.3513920003239728
42797122, Appalachian Trail, 354969, 0.006627240723432838
42797122, Salisbury, 190066, 0.012596391320201225
43550073, Milford, 190117, 4.913065032673926
43376007, Foster, 144499, 0.6815894979268579
43376007, Airline State Park Trail (North Trail), 344814, 0.006416583299718114
43376007, North Grosvenor Dale, 1291, 1.5708586087172833
43376007, Danielson, 1284, 0.740347459611819
43376007, Killingly, 190050, 16.319039987952543
43376007, Glocester, 144496, 0.30927588433364916
43376007, Putnam, 190157, 2.89916284081421
43376007, Thompson, 190151, 6.6960913970011475
42014356, Westport, 1283, 7.843343924421332
42014356, Fairfield, 190001, 3.8351227092734135
42249522, Fairfield, 190001, 0.5711092096504624
43589414, Litchfield, 190134, 5.332559788014826
43589414, Morris, 190130, 4.095546761603348
43838064, Milford, 190117, 5.069499265477219
41910612, Woodbury Center, 189978, 1.3256571076200703
41910612, Roxbury, 190065, 0.9613947245577041
41910612, Woodbury, 190146, 5.6594125054656885
41901494, Monroe, 190003, 4.391928891492562
42233779, Naugatuck, 190048, 0.01933278631328975
43394077, Newtown, 190006, 4.927795072430146
41901321, Stonington, 355395, 3.1681075717996627
41901321, Stonington, 1323, 3.1277701950200996
43470277, Newtown, 190006, 3.002549514329154
43470277, Bethel, 190031, 3.3991675697006856
43891923, Rye (Town), 355396, 1.9837590990649365
43891923, Rye Brook, 151311, 1.2496567656180566
43891923, Town Of Rye, 150534, 1.2496567656180566
43891923, Greenwich, 190002, 18.379919725173828
43891923, Port Chester, 150838, 0.7917423526151756
43891923, Armonk, 151320, 0.1142300763044378
43891923, Town Of North Castle, 150532, 1.6264679825564574
43891923, New Canaan, 190004, 2.573278673016931
43891923, Stamford, 190039, 8.612416237782957
43724616, Milford, 190117, 5.586517754365776
43766276, Milford, 190117, 6.23046095193798
43913574, Guilford, 190030, 7.740724814840277
43913574, North Branford, 190069, 3.200353281481039
44150089, Old Lyme, 190119, 8.159544929176821
44150089, Lyme, 190091, 6.954413471244238
44150089, East Lyme, 190088, 6.089290971759036
44150089, Beckett Hill State Park Scenic Reserve, 344739, 0.2203238241734734
44155108, Madison, 190112, 4.2256656393984935
43982243, Wolcott, 190147, 7.153972030122815
44216826, Guilford, 190030, 8.76363948013348
42220601, Kent, 190129, 0.19879023712596788
42220601, Lake Waramaug State Park, 344781, 0.1945583361229208
42163850, Newtown, 190006, 5.304776026715525
42163850, Newtown, 189979, 3.2035795860763416
43080239, Monroe, 190003, 0.0015826752513918695
41910594, Chelsea, 117421, 1.80211927399299
41910594, East Boston, 308533, 2.7620912950232697
41910594, Boston, 117454, 2.896310807546058
41910594, Revere, 117426, 4.350249286516259
41910595, Boston, 117454, 0.6973290265342482
41910595, Downtown, 308537, 0.6496307715959504
41930203, Oxford, 190118, 10.101731526637556
41930203, Seymour, 190047, 2.4756338431322735
41901387, Trumbull, 190041, 0.49291482730173836
41910530, Monroe, 190003, 2.3231005326906784
41910535, Monroe, 190003, 1.0058739685275295
41910674, Bridgeport, 190032, 1.4246383792268715
41910959, Monroe, 190003, 1.0590390649143304
42789269, New Milford, 190136, 0.5154468990575005
41901476, Monroe, 190003, 0.8926370706349314
41901380, Hebron, 190106, 6.930305152255507
41901380, Andover, 190060, 6.850466262874283
42827466, Town Of Lewisboro, 150517, 1.1621826836830933
42827466, Wilton, 190044, 1.9422928856947055
42827466, New Canaan, 190004, 12.424327233302272
42827466, Town Of Pound Ridge, 150522, 0.11073917581496982
42405025, Trumbull, 190041, 5.442979188834321
42405025, Shelton, 190037, 7.658044198654887
41901299, Newtown, 190006, 2.907541877749906
42603254, Burlington, 1336, 10.755670821753462
42603306, Salisbury, 190066, 10.622561698818323
42603306, Appalachian Trail, 354969, 0.3913518412741843
41901309, Newtown, 190006, 1.1365053242012895
41901311, Shelton, 190037, 3.3279178502397184
41910656, New Milford, 189968, 1.049673664581195
41910656, Bridgewater, 190122, 13.12603004450022
41910656, New Milford, 190136, 2.005574673283295
41910656, Roxbury, 190065, 0.7778920559203593
41910629, Monroe, 190003, 0.00282011320592758
41910732, New Haven, 1272, 2.814129586989027
41910732, Hamden, 1278, 4.456466045276659
41910709, Cheshire, 189992, 3.575169475998388
41910709, Hamden, 1278, 1.4885936786628087
41910709, Plainville, 1331, 3.230786552212584
41910709, Farmington, 1311, 5.7194991829421395
41910709, Simsbury Center, 189962, 2.8411563653125067
41910709, Simsbury, 1341, 6.691739456811932
41910709, Granby, 1334, 1.2554044451763677
41910709, Southwick, 117212, 0.01050387118540577
41910709, East Granby, 1339, 4.635919269495154
41910709, Suffield, 190054, 1.2645250688734129
41910709, Town of Southington, 1332, 3.877304270638398
41910709, Cheshire Village, 189943, 1.1943049696619428
41910709, Avon, 1329, 4.586845863406076
41910709, Weatogue, 189969, 1.3484286928324831
41910622, New Haven, 1272, 2.6274521818438497
41910622, Branford Center, 189981, 1.3448033946821418
41910622, North Branford, 190069, 0.022936306011728802
41910622, East Haven, 1277, 5.726043423592994
41910622, Branford, 190029, 3.969052644305509
41910623, Guilford, 190030, 5.350843447377841
41910623, Madison, 190112, 6.275929928093996
41910623, Branford Center, 189981, 0.9098765563351942
41910623, Hammonasset Beach State Park, 344767, 1.2725587511567396
41910623, Westbrook Center, 1319, 1.473051828642259
41910623, Westbrook, 190082, 3.019297653902974
41910623, Clinton, 190159, 4.812827929837248
41910623, Branford, 190029, 5.703708625711221
41910593, Torrington, 1292, 10.052596407914843
41910593, Winchester, 190138, 3.324454140618804
41910593, New Hartford, 190135, 7.06809333843211
41910593, Winsted, 189977, 1.2987549815592232
41910593, Barkhamsted, 190160, 3.4107319847038364
41910605, Torrington, 1292, 6.885422339554016
41910605, Goshen, 190127, 4.74874181322802
41910605, Litchfield, 190134, 9.222533778098626
41910571, Suffield, 190054, 1.1022973939984453
41910571, Granby, 1334, 15.086063970509894
41910571, Hartland, 1317, 7.610165850432122
41910571, Salmon Brook, 189961, 0.26570924838855636
41910557, Bolton, 190103, 7.9801051287479
41910557, Bolton Notch State Park, 344744, 0.37825252147824695
41910557, Hop River State Park Trail, 344745, 1.7892958444573546
41910670, Trumbull, 190041, 0.015590027052230976
41910738, Monroe, 190003, 1.01154044210344
41910691, Monroe, 190003, 0.007437011106914894
41910673, Monroe, 190003, 0.00022023831067182368
41910676, Newtown, 190006, 9.545701007268852
41910676, Newtown, 189979, 2.940645483776539
41910658, Bridgewater, 190122, 0.10770217710276872
41910658, Newtown, 190006, 3.5298803547244026
41910658, Brookfield, 1289, 3.8376676611520115
41910627, Beacon Falls, 190148, 3.784033342092977
41910627, Seymour, 190047, 4.000591612198199
41910627, Naugatuck, 190048, 4.366972343629244
41910627, Ansonia, 190026, 1.6128386449852554
41910639, Larkin State Park Trail, 344815, 0.8535236087118482
41910639, Oxford, 190118, 3.7910282851979495
41910639, Middlebury, 190116, 1.9472474698929194
41910639, Southbury, 190113, 0.5700324951056315
41910639, Prospect, 189991, 3.905183357120479
41910639, Cheshire, 189992, 3.7186707590176327
41910639, Naugatuck, 190048, 6.079037156810121
41910589, Westport, 1283, 0.518159550184149
41910600, Salem, 117470, 0.17934257309183596
41910604, Bethlehem Village, 189965, 3.8660217701822
41910604, Watertown, 190145, 3.79463117680262
41910604, Bethlehem, 190121, 5.601090337866
41910604, Woodbury, 190146, 2.5750714262445715
41910927, Monroe, 190003, 0.1583957857166076
41910568, New London, 1306, 2.2969156395073913
41910568, Old Saybrook Center, 1313, 0.8051857538518065
41910568, Rocky Neck State Park, 344796, 0.16944364420784888
41910568, Old Lyme, 190119, 6.457148084239533
41910568, Old Saybrook, 190100, 2.9223711117406563
41910568, East Lyme, 190088, 5.841304162052826
41910568, Central Waterford, 1304, 1.8825896370832673
41910568, Waterford, 190156, 4.278762584504805
41910579, Connecticut Valley Railroad State Park Trail, 344751, 0.012564500560789213
41910579, Westbrook Center, 1319, 0.1610207178428575
41910579, Old Saybrook Center, 1313, 0.10399628774778957
41910579, Westbrook, 190082, 4.656817736940497
41910579, Old Saybrook, 190100, 2.998827946933218
41910579, Essex, 190095, 4.767267364189909
41910579, Essex Village, 189982, 0.20394457210291325
41910560, Middletown, 1293, 8.499220768574293
41910560, Higganum, 189986, 2.741986412085257
41910560, Connecticut Valley Railroad State Park Trail, 344751, 0.1064501767953612
41910560, Chester Center, 189946, 0.577918635092173
41910560, Chester, 190023, 4.26205092367382
41910560, Haddam, 190097, 9.87458003587608
42084517, Trumbull, 190041, 1.232690628598851
41910655, Bethel, 190031, 1.7858843714574113
41910655, Brookfield, 1289, 0.4031717796340503
41910655, Danbury, 190034, 4.691593011351308
41910925, Monroe, 190003, 0.06998722827319738
41910710, Monroe, 190003, 0.010162141164133668
41910735, Trumbull, 190041, 4.726130963296864
41910735, Monroe, 190003, 3.665385504328841
41910735, Newtown, 190006, 0.5498211568082737
41910701, Woodbridge, 190075, 2.657993932314271
41910701, New Haven, 1272, 3.529896963781373
41910701, Hamden, 1278, 0.5463007896987558
41910727, Monroe, 190003, 0.36867525602209644
41910723, Trumbull, 190041, 3.4707987246835996
41910723, Monroe, 190003, 2.563002419705926
41910723, Newtown, 190006, 1.2013139132463109
41910723, Bridgeport, 190032, 1.4146616613730987
41910669, Monroe, 190003, 0.0009835856560926465
41910699, Trumbull, 190041, 2.0535736950005616
41910699, Monroe, 190003, 2.4012662218626852
41910699, Indian Well State Park, 344776, 0.19179505022343973
41910699, Shelton, 190037, 12.662411680883565
41910699, Ansonia, 190026, 0.0
41910584, Wallingford, 190072, 5.989431281345688
41910584, Wallingford Center, 189945, 2.5775387351643615
41910584, Trimountain State Park, 344807, 0.7190222769533767
41910584, Durham, 189949, 4.007416119250371
41910584, Durham, 190056, 8.610058011633269
41910584, Middletown, 1293, 5.592571418937869
41910584, Portland, 190101, 0.42289322382159905
41910659, Redding, 190045, 10.793437854652137
41910659, Ridgefield, 190036, 2.684375040435854
41910646, Easton, 190000, 1.3827485902964278
41910646, Westport, 1283, 4.6321720155792
41910646, Weston, 190042, 4.649416171221601
41910646, Fairfield, 190001, 3.4123956227910535
41910632, Orange, 190071, 5.221395610588472
41910632, Derby, 189994, 1.7714103077883487
41910632, Milford, 190117, 4.488799424876559
41910630, Norwalk, 1282, 1.2144103029078723
41910630, New Canaan, 190004, 9.809461212926058
41910631, Norwalk, 1282, 6.305745499739759
41910631, Westport, 1283, 2.043338931470234
41910631, New Canaan, 190004, 1.2347005528675719
41910631, Weston, 190042, 0.8731476996450526
41910631, Wilton, 190044, 5.202458857750178
41910618, Roxbury, 190065, 0.9637467275629883
41910606, Watertown, 190145, 3.5507889429099735
41910606, Waterbury, 1294, 3.5223633385822457
41910606, Oakville, 189975, 2.1327674965839605
41910633, West Haven, 1273, 4.304956240256812
41910633, New Haven, 1272, 1.8806449634734705
41910590, Wallingford Center, 189945, 0.055190944629729136
41910590, Cheshire, 189992, 3.0711086607625404
41910590, Hamden, 1278, 0.4125824167642777
41910590, Meriden, 1335, 4.8519231688102815
41910590, Quinnipiac River State Park, 344794, 1.7327121583899763
41910590, Wallingford, 190072, 6.052717675899426
41910590, North Haven, 1274, 6.426065329319009
41910592, Winchester, 190138, 8.027633820405484
41910592, Colebrook, 190015, 5.830602757466064
41910592, Winsted, 189977, 3.7401312259275343
41910609, Litchfield, 190134, 5.667837838009845
41910609, Bantam, 189940, 1.0057714976048517
41910609, Roxbury, 190065, 4.387917770669522
41910609, Morris, 190130, 2.674505659356558
41910609, Washington, 190144, 9.959971094007717
41910603, New Britain, 1333, 7.072331686612792
41910603, Farmington, 1311, 1.8552757037705738
41910603, Newington, 1276, 4.061148345211085
41910540, Norwich, 1288, 2.915240649811489
41910540, Ledyard, 190057, 7.392199768503016
41910540, Preston, 190099, 1.6633519045289802
41910540, Groton, 1305, 0.7851973961454045
41910540, New London, 1306, 3.2483663650956878
41910540, Conning Towers Nautilus Park, 189987, 3.102473690863605
41910540, Groton, 190090, 3.885507479921275
41910543, Colchester, 190087, 2.1699827645354755
41910543, Middletown, 1293, 0.16515922717274198
41910543, East Hampton, 190085, 6.519643879669513
41910543, East Hampton, 189950, 3.0887792556205365
41910543, Portland, 190101, 6.1224605922919295
41910543, Moodus, 189952, 1.9118944557809578
41910543, East Haddam, 190084, 7.1570462654993525
41910564, Farmington, 1311, 0.28425401997497773
41910551, Monroe, 190003, 2.11882854298796
41910551, Newtown, 190006, 5.407384629625862
41910551, Collis P. Huntington State Park, 344750, 1.4398752183101013
41910551, Bethel, 190031, 6.99779884694692
41910551, Georgetown, 189954, 0.6439174484784318
41910551, Wilton, 190044, 0.6439336523168431
41910551, Redding, 190045, 6.557994859696162
41910551, Ridgefield, 190036, 3.1270031031974113
41910570, Deep River Center, 189948, 3.205682234951496
41910570, Chester Center, 189946, 1.724636703193147
41910570, Chester, 190023, 3.8623130587983203
41910570, Deep River, 190083, 7.425247878125154
41910570, Essex, 190095, 1.561919588635453
41910561, Burlington, 1336, 5.678738908499579
41910686, Trumbull, 190041, 0.0010284700797725294
41910555, Salisbury, 190066, 5.88462049102737
41910555, Norfolk, 190137, 6.363124542598522
41910555, Canaan, 190123, 9.29256801398554
41910555, Colebrook, 190015, 1.2454347292462018
41910555, Appalachian Trail, 354969, 0.2716427797928189
41901319, Cape Cod Rail Trail, 345249, 5.434843075800012
41901319, Cape Cod National Seashore, 343573, 2.8631542902100313
41901319, Nickerson State Park, 345250, 0.055746407854305256
41901319, Harwich, 117510, 2.74574231252507
41901319, Wellfleet, 117518, 8.421279802203822
41901319, Orleans, 117514, 1.1024969218156766
41901319, Eastham, 117508, 5.288491176043869
41901319, Brewster, 117498, 2.7378183787888584
41901325, Colchester, 190087, 0.5250779228878604
41910675, Town Of North Salem, 150511, 0.5446605267637181
41910926, Monroe, 190003, 0.4433238714403165
41910666, Monroe, 190003, 0.6200020037726028
42465206, Easton, 190000, 8.943021787638582
42465206, Fairfield, 190001, 3.551510744034703
41910731, Monroe, 190003, 1.216812075011234
41910681, Monroe, 190003, 2.6783252367360526
41901437, Westport, 1283, 6.540916583555878
41901482, Trumbull, 190041, 0.6709013211607422
41901482, Monroe, 190003, 0.054758867624177796
41901482, Shelton, 190037, 0.2553793779649999
41910702, Trumbull, 190041, 0.01731012482686456
41910958, Monroe, 190003, 0.5960027402881126
41910937, Monroe, 190003, 0.07283904631073744
41910695, Monroe, 190003, 0.4767506360736365
41910621, Beacon Falls, 190148, 3.891888913227907
41910621, Bethany, 190027, 3.7256664707992426
41910617, Plainville, 1331, 2.1974035397749043
41910617, Town of Bristol, 1330, 6.667133896129189
41910617, Farmington, 1311, 5.354454587012051
41910617, Thomaston, 1344, 0.7850669432943568
41910617, Plymouth, 190150, 4.660266039019174
41910541, Killingworth, 190098, 7.173570017346532
41910541, Madison, 190112, 4.468317902884342
41910553, Sherman, 190038, 0.049178882178303865
41910553, New Milford, 190136, 11.19032655561518
41910531, Monroe, 190003, 1.7229174540758607
41910683, Monroe, 190003, 0.35001884015641155
41910662, Monroe, 190003, 0.2500083971175878
41910692, Monroe, 190003, 0.7197901627326448
41910734, Monroe, 190003, 0.8265921722846143
41910682, Derby, 189994, 0.5492965360582193
41910682, Ansonia, 190026, 0.49904051718389464
41910680, Trumbull, 190041, 0.05173701477316244
41910652, Derby, 189994, 0.035654619094631114
41910652, Ansonia, 190026, 3.094338514094637
41910643, Chatham, 117502, 9.330407885533502
41910644, North Stonington, 190093, 1.8131456251092177
41910644, Stonington, 355395, 0.8329564387159906
41901486, Trumbull, 190041, 0.07917974774229476
41901486, Monroe, 190003, 1.8416227208978442
41901488, Meriden, 1335, 4.650026630386575
41901488, Kensington, 189960, 3.394467706594934
41901488, Berlin, 190078, 6.832087549780945
41901409, Litchfield, 190134, 7.427194780337913
41901409, Thomaston, 1344, 2.8748428524543175
41901409, Morris, 190130, 3.816501827895041
41901424, Norwich, 1288, 3.253064979518441
41901424, Ledyard, 190057, 1.1516891229358208
41901424, Preston, 190099, 8.771853800139787
41901424, North Stonington, 190093, 2.0049883328005618
41901466, Monroe, 190003, 0.07224987089982723
41901496, Trumbull, 190041, 0.0635535715586518
41901496, Monroe, 190003, 1.602923126970838
41901464, Monroe, 190003, 0.616877001229364
41901430, Kent, 190129, 10.659975768376867
41901430, Town Of Dover, 150415, 0.1410969232990202
41901430, Appalachian Trail, 354969, 0.3044260222980016
41901475, Monroe, 190003, 0.6586118712534431
41901420, Westport, 1283, 0.006377364259710426
41901420, Weston, 190042, 6.348690356142409
41901397, Coventry, 190062, 3.653012207248032
41901397, Chaplin, 190025, 3.410072990458611
41901397, Andover, 190060, 5.218777170847041
41901397, Hop River State Park Trail, 344745, 10.533244282789205
41901397, Hampton, 190064, 2.3482366946398154
41901397, Bolton, 190103, 1.0093385223005653
41901397, Willimantic, 1298, 2.7488679626630996
41901397, Columbia, 190061, 1.6994957856672874
41901397, Windham, 190158, 3.3813419611076165
41901384, Glastonbury, 190008, 16.937518413581596
41901368, Ashford, 190016, 6.347791008454209
41901368, Eastford, 190131, 5.241261510348404
41901368, Hampton, 190064, 1.5357937928875185
41901368, Chaplin, 190025, 7.016527619840053
41901356, East Hartford, 1340, 4.046794454528791
41901356, City of Hartford, 1281, 0.9714669884882825
41901356, Windsor Locks, 1321, 0.44052081948483224
41901356, South Windsor, 190018, 5.538197505349381
41901356, East Windsor, 190049, 10.46724157767725
41901356, Broad Brook, 1324, 2.8024552988008775
41901346, Lisbon, 190052, 9.035323976189119
41901346, Sprague, 190154, 0.9214562250801173
41901346, Griswold, 190089, 2.234406130053538
41901354, Windsor, 117295, 0.007233152086603606
41901317, Colchester, 190087, 4.54883817927103
41901317, Salem, 190153, 4.560771664805912
41901317, East Haddam, 190084, 1.0956810916265078
41901416, Waterford, 190156, 3.8023844317068645
41901416, Bozrah, 190086, 0.6817860903254048
41901416, Norwich, 1288, 3.335951667865621
41901416, Uncasville/Montville, 1316, 1.5588400039764323
41901416, Montville, 190092, 14.56833259899629
41901416, New London, 1306, 2.4029811333436997
41901383, Moosup, 1303, 1.564994811257639
41901383, Plainfield Village, 1287, 1.069189369944867
41901383, Canterbury, 190125, 0.9897544430045996
41901383, Plainfield, 190132, 11.570849534919805
41901335, Salem, 190153, 9.068163403587223
41901335, Montville, 190092, 2.931926952844907
41901335, East Lyme, 190088, 0.20725098425328325
41901323, Southbridge, 117316, 0.041469280701138644
41901323, Woodstock, 190152, 0.2319474319448693
41901473, Monroe, 190003, 1.036180572377919
41901459, Monroe, 190003, 10.403940234059665
41901459, Shelton, 190037, 0.03975017963836972
41901418, Easton, 190000, 1.1250116522244005
41901418, Weston, 190042, 4.526741791887142
41901418, Fairfield, 190001, 0.5191986011622343
41901441, West Hartford, 1275, 3.8523738095879216
41901441, Farmington, 1311, 2.28893906960013
41901441, East Hartford, 1340, 6.123870237017763
41901441, Manchester, 190010, 6.159467318489389
41901441, Central Manchester, 1279, 0.317406786898965
41901441, City of Hartford, 1281, 2.9370842883213446
41901441, Bolton, 190103, 0.69479317060943
41901381, Danielson, 1284, 0.9119988159221305
41901381, Killingly, 190050, 5.905449029789811
41901381, Putnam District, 1295, 1.1763910065224084
41901381, Putnam, 190157, 3.215562425747568
41901386, Canaan, 189966, 0.963815897050451
41901386, North Canaan, 190139, 7.54127500163632
41901386, Canaan, 190123, 2.9503078738158366
41901378, Stafford, 190107, 3.3410588238976264
41901378, Willington, 190115, 9.591503874990503
41901374, South Coventry, 1299, 2.434370352485817
41901374, Coventry Lake, 1297, 2.614639923950813
41901374, Columbia, 190061, 6.188476643841541
41901374, Coventry, 190062, 7.409636713856686
41901374, Storrs, 1300, 4.198873910992785
41901374, Mansfield, 190063, 4.767919287059907
41901347, Griswold, 190089, 4.6592354578675
41901347, Voluntown, 190155, 7.810196786484288
41901357, West Hartford, 1275, 2.0204139911565604
41901357, Windsor, 1338, 5.501587107543974
41901357, Windsor Locks, 1321, 6.535880140558517
41901357, Bloomfield, 1337, 6.62385257873292
41901357, City of Hartford, 1281, 2.766679664723678
41901341, Wilton, 190044, 4.287645454286221
41901337, Woodbridge, 190075, 7.209986817551881
41901355, Windsor, 117295, 1.965831435348687
41901305, Stonington, 355395, 0.23348029283034558
41901305, Stonington, 1323, 0.23348029283034558
41901330, Monroe, 190003, 0.05168594371021381
41901313, Canterbury, 190125, 8.02249552449596
41901313, Pomfret, 190133, 6.343707709554214
41901313, Woodstock, 190152, 8.350484265647182
41901313, Lisbon, 190052, 3.3366160457766947
41901313, Brooklyn, 190124, 5.564544349281104
41901313, Southbridge, 117316, 0.00722033025288667
41901313, South Woodstock, 1296, 1.6789622171796041
41901324, Lisbon, 190052, 0.01011241734834475
41901327, Woodmont, 189935, 4.641852171619195
41901327, Milford, 190117, 10.631711073632589
41901307, Saybrook Manor, 1318, 1.6291909699591347
41901307, Westbrook Center, 1319, 3.0260897625461536
41901307, Old Saybrook Center, 1313, 2.590674481102295
41901307, Westbrook, 190082, 3.0263864920633377
41901307, Fenwick, 1343, 2.570975918327809
41901307, Old Saybrook, 190100, 11.701272569776943
41901474, Monroe, 190003, 0.11619558682367194
41901435, Bolton Notch State Park, 344744, 0.017532933107757918
41901435, Hop River State Park Trail, 344745, 3.4165266660148137
41901435, Hampden, 117221, 0.5430204054356136
41901435, Bolton, 190103, 1.0071848414451219
41901435, Somers, 190104, 8.424238010364949
41901435, Central Somers, 1325, 1.2677345877568915
41901435, Ellington, 190105, 7.28998950337816
41901435, Vernon, 190114, 7.120855456937482
41901445, Norwich, 1288, 7.286995282341273
41901445, Scotland, 190110, 5.174976799911543
41901445, Canterbury, 190125, 1.2141022438348894
41901445, South Windham, 1302, 0.5126319128313248
41901445, Sprague, 190154, 4.902236194784106
41901445, Willimantic, 1298, 2.0647049780894027
41901445, Windham, 190158, 6.402014860758219
41901432, Wolcott, 190147, 8.846355836660578
41901425, Kensington, 189960, 0.8074944685062019
41901425, Berlin, 190078, 3.0660857802003387
41901425, City of Hartford, 1281, 3.473534999843222
41901425, Wethersfield, 1280, 9.653659410010286
41901425, Town of Rocky Hill, 1290, 9.52404234243423
41901372, Ashford, 190016, 0.011210485824814369
41901372, Stafford, 190107, 2.3137408636869465
41901372, Union, 190109, 6.124444741881305
41901394, Monroe, 190003, 0.12624375778028302
41901394, Oxford, 190118, 8.120668683759185
41901403, Norwich, 1288, 3.918654134501549
41901403, Franklin, 190068, 7.144176704223849
41901403, Bozrah, 190086, 4.959657343352102
41901403, Willimantic, 1298, 1.2269557155955693
41901403, Lebanon, 190051, 10.156962063481346
41901403, Windham, 190158, 1.2385549350830307
41901404, Brooklyn, 190124, 8.899623949827909
41901404, Hampton, 190064, 2.4041876142487073
41901404, East Brooklyn, 1286, 1.9491127627075409
41901404, Killingly, 190050, 0.3823923812076422
41901404, Danielson, 1284, 0.4106905468300447
41901404, Canterbury, 190125, 1.259044136410071
41901392, New Canaan, 190004, 6.891921597222213
41910637, Town Of North Salem, 150511, 1.4532877820542665
41901340, Ashford, 190016, 0.5839672168098878
41901340, Sturbridge, 117389, 0.0035070357778620126
41901340, Union, 190109, 14.015466586714048
41901340, Holland, 117217, 0.08971129426819749
41901320, Stonington, 355395, 0.09427348991049878
41901320, Stonington, 1323, 0.09427348991049878
41901336, Trumbull, 190041, 1.223422114502273
41901336, Bridgeport, 190032, 1.2620266408833436
41901336, Stratford, 190040, 7.491320263536795
41901318, Enfield, 189999, 16.5466933886055
41901318, Southwood Acres, 1327, 4.414819078457461
41901318, Hazardville, 1326, 1.237199520364677
41901318, Thompsonville, 1320, 3.5468448254215756
41901318, East Windsor, 190049, 1.417864033484473
41901318, Sherwood Manor, 1312, 2.3562583919202402
41901419, Duxbury, 117489, 12.726227322543947
41901480, Monroe, 190003, 1.447603500338412
41901480, Shelton, 190037, 0.6864174179673471
41901400, Warren, 190143, 7.25646593883044
41901338, Newtown, 190006, 1.2174230291319854
41901379, South Coventry, 1299, 0.048361410585252236
41901379, Coventry, 190062, 4.548383412302458
41901379, Storrs, 1300, 1.1126182283241168
41901379, Mansfield, 190063, 4.944956938092387
41901379, Tolland, 190108, 6.874310012314275
41901379, Willington, 190115, 8.988224477385117
41901385, Glastonbury, 190008, 2.250964568909222
41901385, East Hartford, 1340, 6.711243861295596
41901385, Manchester, 190010, 0.312411086813027
41901322, Trumbull, 190041, 2.2707611758752444
41910596, East Boston, 308533, 5.436483540437422
41910596, Boston, 117454, 5.440139403806274
41910566, Newtown, 190006, 1.5257006739996262
41901490, Monroe, 190003, 0.5473882536109608
41901350, Preston, 190099, 7.5433215206961
41901350, Griswold, 190089, 9.211191012827998
41901450, Naugatuck, 190048, 4.129208567691915
41910546, Kent, 190129, 3.982926374048564
41910546, Sherman, 190038, 3.9341173636248756
41910546, New Milford, 190136, 2.5092316318534076
41910546, Appalachian Trail, 354969, 3.0978461932180585
41910539, Monroe, 190003, 3.095731021980056
41910533, Monroe, 190003, 2.0190875721069586
41901481, Monroe, 190003, 0.6315510304958444
41901481, Shelton, 190037, 0.0014172892722122499
41901493, Monroe, 190003, 1.317309393104518
41901449, Bridgeport, 190032, 5.281533489967708
41910563, West Simsbury, 189970, 1.3701367980295978
41910563, Canton, 1342, 4.116708877803877
41910563, Farmington, 1311, 1.6667682923467615
41910563, Burlington, 1336, 2.8805069266288115
41910563, Simsbury Center, 189962, 1.287505818852537
41910563, Collinsville, 189958, 2.3609240940338716
41910563, Stratton Brook State Park, 344804, 2.071732203300139
41910563, Simsbury, 1341, 4.14239664235877
41910563, Weatogue, 189969, 0.5148065163223697
41910563, Canton Valley, 189957, 0.8929559609984263
41901483, Monroe, 190003, 0.6653231201605417
41901483, Newtown, 190006, 0.7581311767138316
41901478, Monroe, 190003, 1.5094024193853464
41901472, Monroe, 190003, 0.8525664903833958
41901470, Monroe, 190003, 0.5083469570770224
41901458, Fairfield, 190001, 2.020285534248848
41901306, Central Waterford, 1304, 2.3957724987206164
41901306, Waterford, 190156, 2.3957724987206164
41901390, East Granby, 1339, 0.28445267354473974
41901390, Town of Southington, 1332, 0.29600461143673346
41901390, Cheshire Village, 189943, 0.014320136318464934
41901390, Avon, 1329, 1.8578833332296267
41901390, Weatogue, 189969, 0.07515699733016848
41901390, Cheshire, 189992, 0.06297438387808303
41901390, New Haven, 1272, 2.0447402466931504
41901390, Hamden, 1278, 0.25846991057158225
41901390, Plainville, 1331, 0.9787268225659762
41901390, Farmington, 1311, 0.35544245749213393
41901390, Simsbury Center, 189962, 1.0127929336363246
41901390, Simsbury, 1341, 1.3616057710807472
41901390, Granby, 1334, 0.14463607241330245
41901438, Brookfield, 1289, 5.887041141386919
41901428, Ridgefield, 190036, 7.03748211060855
41901422, Essex, 190095, 0.9639252535080202
42147211, Trumbull, 190041, 3.285104677843216
42044620, Seymour, 190047, 0.17678684724407276
42690714, Stamford, 190039, 8.137749894274515
42333604, Trumbull, 190041, 2.505807135893717
42333604, Stratford, 190040, 5.6343052317040385
42333604, Shelton, 190037, 2.4537407054247966
42333604, Milford, 190117, 0.0
42233038, Naugatuck, 190048, 8.139622239265151
42367236, Newtown, 190006, 8.367061784346363
42376137, Shelton, 190037, 2.305765277161512
42281523, Redding, 190045, 2.878692609119307
42281523, Ridgefield, 190036, 11.088475118197008
42281523, Wilton, 190044, 5.2805043607992594
42281523, Town Of Lewisboro, 150517, 0.5422367443144521
42281523, Danbury, 190034, 0.11821634277009503
42734187, Danbury, 190034, 3.8718637653768697
42734187, Ridgefield, 190036, 2.6605196597417513
42493961, Briarwood Jamaica Hills, 309383, 0.5880355791483369
43058656, Tolland, 190108, 0.025839439127353963
43058656, Central Somers, 1325, 4.425386350535498
43058656, Ellington, 190105, 4.958910223503752
43058656, Stafford, 190107, 10.199502983843598
43058656, Crystal Lake, 1314, 4.959500572773334
43058656, Somers, 190104, 11.045745536243492
43062170, Stafford Springs, 1315, 4.074464380598981
43062170, Stafford, 190107, 9.34056957021423
41901484, Monroe, 190003, 0.9923876274517572
41901469, Trumbull, 190041, 4.366786921107729
41910678, Newtown, 190006, 1.9322412391402004
41901329, Stratford, 190040, 3.3285929011205373
41901329, Milford, 190117, 0.0
41910628, Greenwich, 190002, 7.004795857725147
41910628, Darien, 190035, 5.511396128978939
41910628, New Canaan, 190004, 0.0033992824420352335
41910628, Stamford, 190039, 5.647402262865062
43007386, Bethany, 190027, 4.405263732736835
41910616, Waterbury, 1294, 2.1825187623365423
41910616, Wolcott, 190147, 2.5932938350943937
41901376, Fairfield, 190001, 4.288025458201872
41910607, Watertown, 190145, 3.4480925665580155
41910607, Woodbury, 190146, 1.6850793520371976
41910653, Stratford, 190040, 4.842068880720178
41901442, Woodbridge, 190075, 4.733511238503308
41901457, Shelton, 190037, 5.273385981087423
42856771, Oxford, 190118, 0.041792066453341443
42856771, Seymour, 190047, 5.383267097265771
41901415, Branford Center, 189981, 1.694978446600045
41901415, Branford, 190029, 1.694978446600045
41901300, Trumbull, 190041, 5.311139529407029
42348147, Bethel, 190031, 5.728629807421566
41910614, Roxbury, 190065, 5.968716665125178
41901301, Oxford, 190118, 3.0357153673503467
41901301, Southbury, 190113, 0.6268667596417286
41901302, Shelton, 190037, 2.9095947253827985
41901399, Cornwall, 190126, 2.175620819807746
41901399, Warren, 190143, 6.552512817287504
41910903, Monroe, 190003, 0.6164643924598303
41901303, Silver Sands State Park, 344800, 1.3152511003233707
41901303, Milford, 190117, 3.065095477080108
42415213, Shelton, 190037, 3.1343779483972556
41910648, Easton, 190000, 5.768523978481291
42218584, Washington, 190144, 6.5929079050953545
41901401, New Preston, 189973, 4.152687397017403
41901401, Kent, 190129, 0.7889368850993136
41901401, Lake Waramaug State Park, 344781, 0.6210715505547505
41901401, Washington, 190144, 4.152687397017403
41901401, Warren, 190143, 2.664232249652702
41910668, Trumbull, 190041, 0.452184550817044
41910668, Monroe, 190003, 7.758546978920962
41910574, Suffield, 190054, 5.970020552524803
41910574, Southwick, 117212, 1.4754353932887447
42550961, Norfolk, 190137, 4.033361505110352
41901408, Stratford, 190040, 5.684785517532349
41910580, Barkhamsted, 190160, 4.274220688769786
41910576, Town of Bristol, 1330, 2.4516055291960033
41910576, Burlington, 1336, 4.084335745631685
41901479, Monroe, 190003, 3.3484610152716954
41901479, Newtown, 190006, 0.20322309675799088
41901456, Bethel, 190031, 3.1726944942890483
41901456, Brookfield, 1289, 0.06931379910931902
41901308, Newtown, 190006, 3.2643958753392366
41901447, Fairfield, 190001, 3.9001510773350407
41901447, Bridgeport, 190032, 0.7471988144486451
41901362, Danbury, 190034, 5.107459526645678
41910562, Fairfield, 190001, 0.751089466833812
41910562, Bridgeport, 190032, 6.733103103639432
41910645, New Fairfield, 190005, 1.2340927309721934
41910645, Sherman, 190038, 4.566984352398727
41901332, Newtown, 190006, 1.6415715531725092
41910615, North Branford, 190069, 4.835014222073635
41910615, East Haven, 1277, 0.00589339955958412
41910615, Branford, 190029, 0.029527019947109826
41901405, Thomaston, 1344, 0.23463516575754753
41901405, Plymouth, 190150, 7.788166757747704
41910642, Cape Cod National Seashore, 343573, 1.6541582843688862
41910642, Provincetown, 117392, 1.6541582843688862
41910601, Northwest Harwinton, 189974, 0.16232919666949142
41910601, Litchfield, 190134, 3.5490306447827877
41910601, Harwinton, 190128, 0.20638723856487756
41901331, Westport, 1283, 4.790828922625502
42423953, Southford Falls State Park, 344802, 0.18960458686352635
42423953, Southbury, 190113, 4.505552467827066
41901495, Trumbull, 190041, 1.0451788944232872
41901495, Monroe, 190003, 1.9605229683203431
41910548, Trumbull, 190041, 6.294291331523599
41910905, Derby, 189994, 0.6077792364790041
41910587, Meriden, 1335, 1.2549586748281207
41910587, Middlefield, 190096, 2.75010329216086
41901461, Easton, 190000, 0.022942434525401137
41901461, Monroe, 190003, 1.2524715094794596
41901334, Deep River Center, 189948, 1.912426218768591
41901334, Connecticut Valley Railroad State Park Trail, 344751, 0.022820004401577807
41901334, Deep River, 190083, 5.96935257551711
41901334, Essex, 190095, 0.7286090820426766
41901334, Essex Village, 189982, 0.5417518130528498
41910654, Stratford, 190040, 0.9670937037968802
41910654, Trumbull, 190041, 0.016585050335145665
41910654, Bridgeport, 190032, 0.885412970581692
41901443, Milford, 190117, 4.480882646780056
41910620, Waterbury, 1294, 5.161797563437309
41910620, Naugatuck, 190048, 0.0
41910664, Monroe, 190003, 7.408530697299569
41901348, Canton, 1342, 1.9104277055747534
41901348, Collinsville, 189958, 0.34027633445153155
41901348, Avon, 1329, 5.4212068964799665
41901454, Derby, 189994, 0.1268419047616965
41901454, Ansonia, 190026, 3.8079629415140666
41910619, Roxbury, 190065, 0.2308950001694939
42313216, Newtown, 190006, 2.9239008398751527
41910577, Middletown, 1293, 5.0231952443111885
41901410, Sherman, 190038, 7.350254183716556
41901444, Milford, 190117, 4.869878996530553
42774620, Stamford, 190039, 4.537315715575735
42774620, Darien, 190035, 1.6804259283170118
42774620, New Canaan, 190004, 2.1048777761957274
43202558, Roxbury, 190065, 1.0161743791381763
43202558, Southbury, 190113, 6.166158820083132
41910545, Stratford, 190040, 6.988407277903999
41962994, Fairfield, 190001, 3.7028060984709974
43124663, Southbury, 190113, 5.439877405682734
41910684, Monroe, 190003, 1.5697363226502101
41910565, Cromwell, 190055, 6.998703299574723
41901439, Woodbridge, 190075, 4.893295014232501
41901349, Woodbridge, 190075, 3.7472666345267025
41901349, Orange, 190071, 2.2124143623398718
41910542, Oxford, 190118, 4.968441344771039
41910542, Southbury, 190113, 1.5294077275830946
41910611, Thomaston, 1344, 6.430161800829714
41910613, Washington, 190144, 1.8672322188890071
41901489, Trumbull, 190041, 0.3826232017787694
41901489, Bridgeport, 190032, 1.1896275828547695
41910538, Monroe, 190003, 3.2121336090997623
41901414, New Preston, 189973, 4.599755095502236
41901414, Washington, 190144, 6.535840385827979
41901455, Fairfield, 190001, 4.811374531867696
41901352, Shelton, 190037, 3.9283524494015216
41901339, Trumbull, 190041, 4.216456195721262
41901373, Stafford, 190107, 5.10086661903976
41901373, Stafford Springs, 1315, 3.286039223540245
41901448, Milford, 190117, 4.9389989419703735
41901398, Cornwall, 190126, 8.387048054854679
41901398, Sharon, 190140, 0.09018426095904689
41910733, Trumbull, 190041, 0.3759113442317596
41910733, Monroe, 190003, 2.1745267500326464
41910733, Newtown, 190006, 0.0012922391169287969
41901451, Southbury, 190113, 1.782639368762903
41910550, Monroe, 190003, 3.977747088313858
41910552, Derby, 189994, 4.7162706204449245
42589449, Town of Rocky Hill, 1290, 8.717906789928604
41901304, Groton, 190090, 5.642930377013201
41901304, Groton Long Point, 1285, 5.6343754229613765
41910573, Waterbury, 1294, 4.954463616637716
41901342, Easton, 190000, 2.1465566240410854
41901342, Fairfield, 190001, 6.026422058906723
41910534, Monroe, 190003, 2.94571705858761
41910567, Southbury, 190113, 1.4984106692514785
41901388, Sharon, 190140, 13.012487296836047
41901388, Appalachian Trail, 354969, 0.009713947496511105
41910700, Woodbridge, 190075, 0.32967804967549685
41910700, Derby, 189994, 1.773863911190954
41910700, Shelton, 190037, 0.6771168304917309
41910700, Ansonia, 190026, 3.257158220844747
41910581, Durham, 189949, 2.436970518705153
41910581, Durham, 190056, 7.061075733017018
41910581, Killingworth, 190098, 0.7553936397283811
41901370, Cornwall, 190126, 12.868834622719145
41901417, New Milford, 189968, 2.1432134242067344
41901417, New Milford, 190136, 3.927495453261124
41901413, Stratford, 190040, 5.2551521020415635
41910602, Bethlehem Village, 189965, 2.2609805361660116
41910602, Morris, 190130, 1.796979871351658
41910602, Bethlehem, 190121, 2.6851402938361177
42128210, Oxford, 190118, 1.7710879916821969
42128210, Beacon Falls, 190148, 3.7255111859617513
42128210, Seymour, 190047, 1.9228824650759728
43165937, Shelton, 190037, 5.260457959201586
41901360, Ridgefield, 190036, 3.802267878670505
41901360, Danbury, 190034, 3.1341859915795065
41901436, Orange, 190071, 5.949589968507993
41910544, Easton, 190000, 5.229379927866631
41910667, Monroe, 190003, 2.9972839827031272
41901452, Oxford, 190118, 5.385465993222308
41901452, Beacon Falls, 190148, 3.596285925646293
41901310, Orange, 190071, 5.861869981686921
41901316, Trumbull, 190041, 1.0905582330464025
41901316, Shelton, 190037, 1.0501144829459321
41910586, Newtown, 190006, 4.073445992727839
41901333, Chester Center, 189946, 3.106966310489783
41901333, Chester, 190023, 3.163083069449963
41910625, Bethel, 190031, 2.5164589717785644
41901314, Newtown, 190006, 4.4825753954888095
42302044, Easton, 190000, 1.1583134707082385
42302044, Fairfield, 190001, 5.670353291092626
41910634, Ridgefield, 190036, 4.9111660016688665
41901485, Monroe, 190003, 3.441281148203438
41901411, Bridgeport, 190032, 0.010158953086093344
41901411, Stratford, 190040, 3.6138552838893863
41901491, Monroe, 190003, 7.403173185379488
41901453, Seymour, 190047, 3.5654277619696964
41901421, Southbury, 190113, 6.9331197041395205
41901421, Heritage Village, 189944, 4.236369899371498
41901395, Town of Bristol, 1330, 6.869669938559071
41901391, Silver Sands State Park, 344800, 0.5119151926862682
41901391, Milford, 190117, 5.089138414768881
41901359, Derby, 189994, 4.144060150687694
42960375, Bethany, 190027, 4.786129114666198
41910569, Middletown, 1293, 3.299131325350004
41910569, Cromwell, 190055, 0.22832434694159046
41910725, New Haven, 1272, 2.7915242143526804
41910559, Canton, 1342, 4.112838054964154
41910559, Collinsville, 189958, 0.40414352737051906
41910559, Canton Valley, 189957, 1.5068094919320136
41901465, Monroe, 190003, 1.0883071973626475
42716263, Middlebury, 190116, 4.961669250980175
41910554, Fairfield, 190001, 7.015277707188935
41901434, Middlebury, 190116, 7.892053443681216
41901434, Naugatuck, 190048, 0.700343960244709
41901446, Bethany, 190027, 10.193849102805112
42030003, Stratford, 190040, 1.121096020743164
42030003, Milford, 190117, 3.705562432446213
41901358, North Branford, 190069, 3.365833463545286
43187518, Shelton, 190037, 6.88881657883915
41901367, Hammonasset Beach State Park, 344767, 1.9815500319714527
41901367, Madison, 190112, 1.9815500319714527
41901487, Monroe, 190003, 1.6435603106641274
42937428, Middlebury, 190116, 4.053570434837033
42937428, Woodbury, 190146, 0.18767057110422053
42937428, Southbury, 190113, 1.548080972629444
41901344, Woodmont, 189935, 0.00994827989023492
41901344, West Haven, 1273, 7.324354328555141
41901344, Milford, 190117, 0.014474290245109836
41901429, Woodbury Center, 189978, 1.6046304543235228
41901429, Woodbury, 190146, 8.46071405808618
42617197, Fairfield, 190001, 4.609246279564324
42341463, Shelton, 190037, 4.646547590372687
41910585, Monroe, 190003, 1.2478171066368802
41910716, Monroe, 190003, 2.414728843523665
41901343, Meriden, 1335, 0.036656988026431664
41901343, Middlefield, 190096, 3.881650605108143
41910608, Woodbury Center, 189978, 1.1915798651546785
41910608, Woodbury, 190146, 3.5903129074521423
41901477, Monroe, 190003, 2.5912994653800956
41910582, Newtown, 190006, 3.434147643366439
41910582, Southbury, 190113, 1.6499996626335833
41901423, Long Hill, 189988, 1.907853935172102
41901423, Conning Towers Nautilus Park, 189987, 0.000708222567866733
41901423, Groton, 190090, 5.674606003696122
41901423, Groton, 1305, 3.023591883555147
41901406, Fairfield, 190001, 0.044494561169131745
41901406, Bridgeport, 190032, 4.5853904851213425
41901460, Shelton, 190037, 1.8148582392627812
41910721, Cheshire, 189992, 3.964104769645972
41910721, Town of Southington, 1332, 2.999518993776299
41910721, Cheshire Village, 189943, 0.46880241840113357
41901463, Easton, 190000, 0.07169042517865608
41901463, Monroe, 190003, 2.2186638774884737
41901463, Newtown, 190006, 0.5766799282995689
41910556, New Milford, 189968, 1.5170816491576382
41910556, New Milford, 190136, 3.8511701326460708
41901427, North Branford, 190069, 6.692768925079546
41901427, East Haven, 1277, 0.13416871272702266
41910661, Easton, 190000, 4.530629408015906
41910661, Monroe, 190003, 1.0435424453983868
41910661, Redding, 190045, 0.9361142631615269
42436522, Hamden, 1278, 6.0401406373016755
41901345, Durham, 189949, 5.008884867056499
41901345, Middlefield, 190096, 0.42508894929638646
41901345, Durham, 190056, 5.008884867056499
41901351, Shelton, 190037, 5.35595427021116
41910636, Ridgefield, 190036, 0.2258027988223612
41910636, Town Of North Salem, 150511, 2.294477755971937
41910537, Monroe, 190003, 6.839245678875624
41910537, Newtown, 190006, 0.1691823138337763
41901365, Danbury, 190034, 6.007235378933011
41910640, Plainfield, 190132, 4.746570569182374
41910640, Moosup, 1303, 3.283028722919821
41910640, Moosup Valley State Park Trail, 344816, 2.0099481335990808
41910640, Sterling, 190149, 2.811486744245046
41901412, Stratford, 190040, 8.03597238965065
41901412, Milford, 190117, 0.0
41910575, Town of Southington, 1332, 1.775786966671665
41910641, Cape Cod National Seashore, 343573, 1.3104136643473048
41910641, Provincetown, 117392, 1.3104136643473048
42389382, Trumbull, 190041, 6.131587056406928
41910650, Bayside Bayside Hills, 309418, 1.3261424170449605
41901492, Monroe, 190003, 5.236507419035873
41910651, New Fairfield, 190005, 10.025494725918964
41910651, Squantz Pond State Park, 344803, 0.7682458122901199
41910651, Danbury, 190034, 4.160165019592871
41901366, Northwest Harwinton, 189974, 0.5430544040466456
41901366, Litchfield, 190134, 0.014130178029445151
41901366, Harwinton, 190128, 9.263319890419076
41901426, New Fairfield, 190005, 7.964431975336577
41901426, Danbury, 190034, 0.2015815928030112
41901433, Middlebury, 190116, 6.666056762646647
41910583, Newtown, 190006, 5.2433026099320115
41901468, Trumbull, 190041, 3.054060071415408
41901468, Easton, 190000, 0.009282996263719073
41901468, Monroe, 190003, 3.766998100352454
41910572, Southbury, 190113, 5.987898681637291
41910572, Heritage Village, 189944, 0.7986014367982103
41910707, Hamden, 1278, 4.093509930458801
41910591, Northwest Harwinton, 189974, 4.680081676839324
41910591, Torrington, 1292, 3.031340814597758
41910591, Harwinton, 190128, 4.868307763521512
41910624, Larkin State Park Trail, 344815, 0.8037316254566029
41910624, Waterbury, 1294, 0.5823326587066184
41910624, Middlebury, 190116, 1.8251391278507794
41910624, Naugatuck, 190048, 1.7380006342783898
41910547, Camp Columbia State Historic Park, 344747, 0.002140699908974496
41910547, Morris, 190130, 3.8075641335939165
41910578, Middlefield, 190096, 5.598523404284843
41910578, Middletown, 1293, 1.2199351710959483
41910578, Wadsworth Falls State Park, 344809, 0.2219842394972758
41901312, Shelton, 190037, 3.912318595356231
41910948, Monroe, 190003, 2.891817922243566
41910948, Newtown, 190006, 0.007501145022293648
41901462, Monroe, 190003, 2.516585924061512
42181324, Easton, 190000, 3.585854518441141
42181324, Redding, 190045, 0.4536205171602565
41901467, Trumbull, 190041, 1.5404837053355134
41901467, Monroe, 190003, 0.09636895027084365
41901315, Trumbull, 190041, 5.842003330562511
41910685, Rockland Lake State Park, 349631, 3.196365079232111
41910685, Rockland Lake, 151729, 3.196365079232111
41910685, Town Of Clarkstown, 150490, 3.196365079232111
41901431, Milford, 190117, 1.8907738265428038
41910532, Monroe, 190003, 3.72259787132862
41910679, Monroe, 190003, 3.705757695579626
41910588, Meriden, 1335, 6.249407452779964
42322966, Trumbull, 190041, 4.671937270422832
41901328, Orange, 190071, 8.396046280624946
41901328, Milford, 190117, 1.3552155400254415
41901377, Marlborough, 190076, 7.482702877145369
41901377, Glastonbury, 190008, 0.8369777472250011
41901377, Terramuggus, 189963, 1.7329157107578326
41901396, Bethlehem Village, 189965, 1.8732285400086042
41901396, Bethlehem, 190121, 4.975406411625385
41901389, Town of Southington, 1332, 6.56182002892116
41910649, Easton, 190000, 5.438531287895974
41910649, Redding, 190045, 0.002013091393126888
41901402, Bluff Point State Park, 344743, 0.0130963437781562
41901402, Long Hill, 189988, 0.7772499633314975
41901402, Groton, 190090, 5.560154494735883
41901402, Poquonock Bridge, 1308, 4.5927331140935275
41910932, Monroe, 190003, 3.752239653447405
41910536, Monroe, 190003, 4.066893545982113
41910536, Shelton, 190037, 0.5622082157147447
42220602, Warren, 190143, 2.1281700473711185
41910626, Southbury, 190113, 3.6155837099230763
42894531, New Milford, 189968, 2.0118075061307987
42894531, New Milford, 190136, 5.740369617871062
41901382, Moosup Valley State Park Trail, 344816, 1.7090863869618929
41901382, Sterling, 190149, 4.725197556477031
41901382, Coventry, 144490, 0.0393884131019769
42450704, Newtown, 190006, 4.857417205708959
41946947, Orange, 190071, 6.900182611608163
43238507, Milford, 190117, 0.0
43238507, Stratford, 190040, 0.32981571874132604
43238507, Shelton, 190037, 4.200579718659198
43272117, Westport, 1283, 6.177777399552053
43272117, Norwalk, 1282, 0.36782320072878755
43631331, Newtown, 190006, 7.7505252808985166
43631331, Newtown, 189979, 0.6992663778919677
43949520, Greenwich, 190002, 2.6726488344288386
43949520, Stamford, 190039, 3.8683203310435887
44057083, Milford, 190117, 9.411649745506686
44097847, Wolcott, 190147, 7.866712188585557
44183369, Town of Bristol, 1330, 4.1590645456826545
44183369, Wolcott, 190147, 7.326285860162365